date,open,close,high,low,vol,amount,code,pchange,change
2010-06-01,13.8,14.76,15.28,13.52,367924.0,535633952.0,002420,,
2010-06-02,13.81,14.36,14.71,13.52,176935.0,250018832.0,002420,-2.71,-0.4
2010-06-03,14.38,14.25,15.2,14.1,194373.0,285800736.0,002420,-0.77,-0.11
2010-06-04,13.8,13.14,13.92,12.9,161044.0,213866032.0,002420,-7.79,-1.11
2010-06-07,12.54,12.74,13.0,12.4,87407.0,110769104.0,002420,-3.04,-0.4
2010-06-08,12.62,13.2,13.39,12.62,99646.0,129813120.0,002420,3.61,0.46
2010-06-09,13.15,13.41,13.48,12.85,109833.0,144652464.0,002420,1.59,0.21
2010-06-10,13.22,13.23,13.49,13.15,71345.0,94780384.0,002420,-1.34,-0.18
2010-06-11,13.31,13.78,14.01,13.21,112779.0,154708944.0,002420,4.16,0.55
2010-06-17,13.86,13.54,13.96,13.36,76834.0,104476784.0,002420,-1.74,-0.24
2010-06-18,13.43,12.7,13.55,12.5,60857.0,78802560.0,002420,-6.2,-0.84
2010-06-21,12.67,12.98,13.08,12.28,46325.0,59191536.0,002420,2.2,0.28
2010-06-22,12.87,12.9,13.14,12.8,30804.0,39914408.0,002420,-0.62,-0.08
2010-06-23,12.89,12.87,13.08,12.65,29135.0,37529440.0,002420,-0.23,-0.03
2010-06-24,12.81,12.87,13.04,12.78,24936.0,32146644.0,002420,0.0,0.0
2010-06-25,12.8,12.59,12.87,12.42,25719.0,32437000.0,002420,-2.18,-0.28
2010-06-28,12.59,12.49,12.7,12.45,19519.0,24473746.0,002420,-0.79,-0.1
2010-06-29,12.48,11.86,12.65,11.86,34706.0,42052208.0,002420,-5.04,-0.63
2010-06-30,11.7,11.5,11.84,11.38,22636.0,26127076.0,002420,-3.04,-0.36
2010-07-01,11.5,11.24,11.59,11.22,22984.0,26166656.0,002420,-2.26,-0.26
2010-07-02,11.1,11.16,11.27,10.8,27956.0,30928178.0,002420,-0.71,-0.08
2010-07-05,11.2,11.26,11.3,11.03,18949.0,21248656.0,002420,0.9,0.1
2010-07-06,11.37,11.49,11.62,11.16,29208.0,33308544.0,002420,2.04,0.23
2010-07-07,11.5,11.5,11.52,11.27,28203.0,32158110.0,002420,0.09,0.01
2010-07-09,11.34,11.7,11.79,11.27,38411.0,44506752.0,002420,1.74,0.2
2010-07-12,11.76,11.74,11.93,11.72,35008.0,41294184.0,002420,0.34,0.04
2010-07-13,11.71,11.59,11.76,11.45,25654.0,29722932.0,002420,-1.28,-0.15
2010-07-14,11.71,11.61,11.75,11.58,21643.0,25228876.0,002420,0.17,0.02
2010-07-15,11.58,11.25,11.75,11.23,25577.0,29569354.0,002420,-3.1,-0.36
2010-07-16,11.21,11.81,11.85,11.21,45886.0,53252868.0,002420,4.98,0.56
2010-07-19,11.69,11.98,11.98,11.6,44880.0,53075960.0,002420,1.44,0.17
2010-07-20,11.95,12.35,12.45,11.95,79555.0,96856704.0,002420,3.09,0.37
2010-07-21,12.3,12.16,12.37,12.13,38105.0,46629764.0,002420,-1.54,-0.19
2010-07-22,12.1,12.22,12.32,12.08,38492.0,47012776.0,002420,0.49,0.06
2010-07-23,12.25,12.13,12.27,11.98,29578.0,35955852.0,002420,-0.74,-0.09
2010-07-26,12.15,12.39,12.42,12.11,36801.0,45089096.0,002420,2.14,0.26
2010-07-27,12.32,12.21,12.45,12.19,24087.0,29504536.0,002420,-1.45,-0.18
2010-07-28,12.21,12.65,12.87,12.17,79679.0,100454208.0,002420,3.6,0.44
2010-07-29,12.64,12.63,12.8,12.46,35004.0,44075220.0,002420,-0.16,-0.02
2010-07-30,12.63,12.53,12.71,12.41,23974.0,30111986.0,002420,-0.79,-0.1
2010-08-02,12.6,13.02,13.02,12.54,59584.0,76157824.0,002420,3.91,0.49
2010-08-03,13.1,12.85,13.11,12.8,61982.0,80187592.0,002420,-1.31,-0.17
2010-08-04,12.85,12.89,12.94,12.6,34964.0,44718372.0,002420,0.31,0.04
2010-08-05,12.9,12.78,13.07,12.72,30575.0,39447628.0,002420,-0.85,-0.11
2010-08-06,12.78,12.99,13.0,12.66,30430.0,39184876.0,002420,1.64,0.21
2010-08-09,12.98,13.27,13.27,12.9,40729.0,53521408.0,002420,2.16,0.28
2010-08-10,13.23,12.71,13.33,12.71,35523.0,46303800.0,002420,-4.22,-0.56
2010-08-11,12.71,12.89,12.96,12.7,21236.0,27244720.0,002420,1.42,0.18
2010-08-12,12.74,12.58,12.93,12.52,20585.0,26186368.0,002420,-2.4,-0.31
2010-08-13,12.58,12.71,12.72,12.41,19521.0,24639402.0,002420,1.03,0.13
2010-08-16,12.71,12.93,12.97,12.63,26079.0,33533054.0,002420,1.73,0.22
2010-08-17,12.96,12.96,13.07,12.81,27658.0,35809748.0,002420,0.23,0.03
2010-08-18,12.98,12.94,13.04,12.82,21645.0,27910330.0,002420,-0.15,-0.02
2010-08-19,12.9,12.98,13.08,12.83,30139.0,39056436.0,002420,0.31,0.04
2010-08-20,12.9,13.16,13.24,12.86,55279.0,72422696.0,002420,1.39,0.18
2010-08-23,13.21,13.29,13.3,13.05,37208.0,49043032.0,002420,0.99,0.13
2010-08-24,13.22,13.45,13.46,13.07,46191.0,61420544.0,002420,1.2,0.16
2010-08-25,13.51,13.46,13.79,13.4,87446.0,118769536.0,002420,0.07,0.01
2010-08-26,13.46,13.99,14.08,13.43,84556.0,116503064.0,002420,3.94,0.53
2010-08-27,14.05,13.54,14.05,13.41,66022.0,89851544.0,002420,-3.22,-0.45
2010-08-30,13.53,14.27,14.3,13.37,87583.0,121059792.0,002420,5.39,0.73
2010-08-31,13.99,14.1,14.26,13.86,55784.0,78319464.0,002420,-1.19,-0.17
2010-09-01,14.04,13.32,14.19,13.1,92558.0,125783832.0,002420,-5.53,-0.78
2010-09-02,13.54,13.72,13.75,13.36,65696.0,89345288.0,002420,3.0,0.4
2010-09-03,13.71,13.75,14.04,13.45,66589.0,91682744.0,002420,0.22,0.03
2010-09-06,13.82,13.88,14.0,13.52,62128.0,85770624.0,002420,0.95,0.13
2010-09-07,13.88,13.9,13.93,13.57,48507.0,66730760.0,002420,0.14,0.02
2010-09-08,13.8,14.35,14.35,13.73,105806.0,150209504.0,002420,3.24,0.45
2010-09-09,14.37,13.88,14.4,13.83,62814.0,88284920.0,002420,-3.28,-0.47
2010-09-10,13.85,13.98,14.08,13.61,47448.0,65625360.0,002420,0.72,0.1
2010-09-13,13.97,13.92,14.06,13.86,41412.0,57788908.0,002420,-0.43,-0.06
2010-09-14,13.92,13.71,14.0,13.65,45263.0,62330028.0,002420,-1.51,-0.21
2010-09-16,13.5,12.8,13.66,12.79,54024.0,70709760.0,002420,-6.64,-0.91
2010-09-17,12.98,12.79,12.98,12.61,40396.0,51614560.0,002420,-0.08,-0.01
2010-09-20,12.85,12.76,12.91,12.65,26234.0,33498910.0,002420,-0.23,-0.03
2010-09-21,12.9,12.9,13.1,12.85,41355.0,53590904.0,002420,1.1,0.14
2010-09-27,12.9,13.0,13.08,12.86,25086.0,32561142.0,002420,0.78,0.1
2010-09-28,13.01,12.69,13.05,12.56,33743.0,43157360.0,002420,-2.38,-0.31
2010-09-29,12.68,12.45,12.77,12.35,22344.0,28114362.0,002420,-1.89,-0.24
2010-09-30,12.41,12.54,12.63,12.35,14921.0,18662380.0,002420,0.72,0.09
2010-10-08,12.57,12.8,12.88,12.57,23022.0,29375426.0,002420,2.07,0.26
2010-10-11,12.8,12.79,12.91,12.68,43299.0,55229896.0,002420,-0.08,-0.01
2010-10-13,12.81,12.6,12.86,12.48,48284.0,60862044.0,002420,-1.49,-0.19
2010-10-14,12.6,12.32,12.66,12.3,34888.0,43373288.0,002420,-2.22,-0.28
2010-10-15,12.3,12.21,12.5,12.17,27157.0,33377854.0,002420,-0.89,-0.11
2010-10-18,12.21,12.09,12.21,11.73,30901.0,36804812.0,002420,-0.98,-0.12
2010-10-19,12.04,12.43,12.44,12.01,27260.0,33631924.0,002420,2.81,0.34
2010-10-20,12.23,12.37,12.54,12.21,28190.0,34987992.0,002420,-0.48,-0.06
2010-10-21,12.42,12.44,12.51,12.3,20070.0,24894988.0,002420,0.57,0.07
2010-10-22,12.5,12.53,12.65,12.5,29415.0,36941148.0,002420,0.72,0.09
2010-10-25,12.57,12.8,12.81,12.57,35690.0,45322180.0,002420,2.15,0.27
2010-10-26,12.81,12.62,12.84,12.53,35900.0,45319028.0,002420,-1.41,-0.18
2010-10-27,12.64,12.55,12.74,12.52,27255.0,34463756.0,002420,-0.55,-0.07
2010-10-28,12.57,12.8,12.81,12.54,35373.0,44930780.0,002420,1.99,0.25
2010-10-29,12.82,12.9,13.0,12.75,49300.0,63567632.0,002420,0.78,0.1
2010-11-01,12.97,13.12,13.19,12.92,44710.0,58351776.0,002420,1.71,0.22
2010-11-02,13.13,12.9,13.24,12.88,47837.0,62386492.0,002420,-1.68,-0.22
2010-11-03,12.91,12.95,13.02,12.73,38559.0,49471856.0,002420,0.39,0.05
2010-11-04,13.0,13.08,13.15,12.92,43671.0,56840108.0,002420,1.0,0.13
2010-11-05,13.18,13.08,13.2,12.99,42398.0,55445264.0,002420,0.0,0.0
2010-11-08,13.09,13.44,13.44,13.06,55443.0,73737216.0,002420,2.75,0.36
2010-11-09,13.39,13.35,13.53,13.25,39933.0,53320540.0,002420,-0.67,-0.09
2010-11-10,13.33,14.04,14.05,13.26,126723.0,174491136.0,002420,5.17,0.69
2010-11-11,13.96,13.93,14.68,13.82,158221.0,226493984.0,002420,-0.78,-0.11
2010-11-12,14.16,13.78,14.16,13.6,140942.0,195927056.0,002420,-1.08,-0.15
2010-11-15,13.8,14.5,14.5,13.72,100958.0,141492512.0,002420,5.22,0.72
2010-11-16,14.36,14.62,14.75,14.04,124073.0,178816736.0,002420,0.83,0.12
2010-11-17,14.33,13.42,14.49,13.2,60415.0,84133296.0,002420,-8.21,-1.2
2010-11-18,13.55,13.49,13.71,13.32,31610.0,42791184.0,002420,0.52,0.07
2010-11-19,13.63,13.8,13.9,13.21,63130.0,85218128.0,002420,2.3,0.31
2010-11-22,13.65,13.96,14.17,13.55,54863.0,76375128.0,002420,1.16,0.16
2010-11-23,13.95,13.74,13.95,13.45,35859.0,48971792.0,002420,-1.58,-0.22
2010-11-24,13.57,14.01,14.04,13.53,40231.0,55809912.0,002420,1.97,0.27
2010-11-25,14.02,13.91,14.28,13.9,50586.0,71202728.0,002420,-0.71,-0.1
2010-11-26,13.9,13.89,14.14,13.77,40035.0,55972740.0,002420,-0.14,-0.02
2010-11-29,13.89,13.97,14.06,13.69,36050.0,49941600.0,002420,0.58,0.08
2010-11-30,13.88,13.46,14.02,13.13,45384.0,61326444.0,002420,-3.65,-0.51
2010-12-01,13.43,13.33,13.46,13.25,18825.0,25143714.0,002420,-0.97,-0.13
2010-12-02,13.5,13.47,13.58,13.34,27578.0,37158660.0,002420,1.05,0.14
2010-12-03,13.48,13.84,14.04,13.42,49875.0,68837376.0,002420,2.75,0.37
2010-12-06,13.72,13.4,13.93,13.28,32154.0,43539436.0,002420,-3.18,-0.44
2010-12-07,13.38,13.5,13.54,13.25,14709.0,19683586.0,002420,0.75,0.1
2010-12-08,13.5,13.51,13.66,13.4,15133.0,20450736.0,002420,0.07,0.01
2010-12-09,13.13,13.15,13.51,13.13,15103.0,19998286.0,002420,-2.66,-0.36
2010-12-10,13.12,13.21,13.25,13.0,13934.0,18301842.0,002420,0.46,0.06
2010-12-13,13.3,13.51,13.53,13.22,21798.0,29317252.0,002420,2.27,0.3
2010-12-14,13.52,13.71,13.84,13.45,28714.0,39214208.0,002420,1.48,0.2
2010-12-15,13.72,13.59,13.8,13.58,26222.0,35870856.0,002420,-0.88,-0.12
2010-12-16,13.6,13.78,13.89,13.6,22262.0,30672296.0,002420,1.4,0.19
2010-12-17,13.74,13.81,13.9,13.64,19004.0,26267822.0,002420,0.22,0.03
2010-12-20,13.98,13.83,14.0,13.5,34047.0,46832752.0,002420,0.14,0.02
2010-12-21,13.81,14.22,14.35,13.77,67107.0,94905000.0,002420,2.82,0.39
2010-12-22,14.2,14.06,14.22,13.97,28134.0,39592096.0,002420,-1.13,-0.16
2010-12-23,14.07,13.8,14.12,13.76,18473.0,25617194.0,002420,-1.85,-0.26
2010-12-24,13.7,13.43,13.78,13.31,17463.0,23539420.0,002420,-2.68,-0.37
2010-12-27,13.4,13.2,13.59,13.11,14649.0,19609082.0,002420,-1.71,-0.23
2010-12-28,13.15,13.0,13.19,12.91,12136.0,15787329.0,002420,-1.52,-0.2
2010-12-29,12.95,13.16,13.25,12.95,10252.0,13452513.0,002420,1.23,0.16
2010-12-30,13.18,13.15,13.26,13.0,9512.0,12523667.0,002420,-0.08,-0.01
2010-12-31,13.24,13.28,13.3,13.08,12553.0,16589925.0,002420,0.99,0.13
2011-01-04,13.38,13.4,13.43,13.29,14534.0,19426652.0,002420,0.9,0.12
2011-01-05,13.35,13.5,13.62,13.28,15582.0,21007928.0,002420,0.75,0.1
2011-01-06,13.5,13.43,13.65,13.37,13358.0,18003234.0,002420,-0.52,-0.07
2011-01-07,13.43,13.4,13.64,13.35,15561.0,21004128.0,002420,-0.22,-0.03
2011-01-10,13.3,12.88,13.39,12.86,24944.0,32581766.0,002420,-3.88,-0.52
2011-01-11,12.84,12.7,12.88,12.53,14150.0,17947218.0,002420,-1.4,-0.18
2011-01-12,12.72,12.78,12.8,12.62,6617.0,8410154.0,002420,0.63,0.08
2011-01-13,12.84,12.79,12.84,12.72,5856.0,7482357.5,002420,0.08,0.01
2011-01-14,12.7,12.37,12.77,12.35,10840.0,13522895.0,002420,-3.28,-0.42
2011-01-17,12.29,11.9,12.38,11.88,12535.0,15146151.0,002420,-3.8,-0.47
2011-01-18,11.83,12.03,12.03,11.83,4340.0,5199808.0,002420,1.09,0.13
2011-01-19,12.1,12.2,12.21,12.0,6362.0,7721986.0,002420,1.41,0.17
2011-01-20,12.19,11.82,12.24,11.82,7609.0,9149105.0,002420,-3.11,-0.38
2011-01-21,11.83,11.96,12.05,11.78,5901.0,7042718.0,002420,1.18,0.14
2011-01-24,11.93,11.91,12.25,11.86,5284.0,6329145.5,002420,-0.42,-0.05
2011-01-25,11.84,11.87,11.97,11.78,4357.0,5157568.5,002420,-0.34,-0.04
2011-01-26,11.98,12.08,12.17,11.88,4126.0,4975001.5,002420,1.77,0.21
2011-01-27,12.0,12.18,12.21,11.96,7250.0,8807602.0,002420,0.83,0.1
2011-01-28,12.12,12.19,12.24,12.07,6057.0,7363232.5,002420,0.08,0.01
2011-01-31,12.19,12.28,12.33,12.08,6886.0,8429766.0,002420,0.74,0.09
2011-02-01,12.3,12.18,12.35,12.03,6804.0,8293196.0,002420,-0.81,-0.1
2011-02-09,12.18,12.02,12.22,11.95,6534.0,7911577.0,002420,-1.31,-0.16
2011-02-10,12.1,12.31,12.35,12.0,9595.0,11747791.0,002420,2.41,0.29
2011-02-11,12.31,12.5,12.54,12.25,13850.0,17237344.0,002420,1.54,0.19
2011-02-14,12.5,12.61,12.62,12.49,11908.0,14949297.0,002420,0.88,0.11
2011-02-15,12.6,12.6,12.66,12.54,12483.0,15729382.0,002420,-0.08,-0.01
2011-02-16,12.6,12.84,12.84,12.53,16312.0,20789548.0,002420,1.9,0.24
2011-02-17,12.8,12.72,12.86,12.66,12944.0,16463002.0,002420,-0.93,-0.12
2011-02-18,12.68,12.55,12.73,12.51,12290.0,15459757.0,002420,-1.34,-0.17
2011-02-21,12.54,12.79,12.79,12.53,11858.0,14994828.0,002420,1.91,0.24
2011-02-22,12.79,12.4,12.81,12.4,12123.0,15212468.0,002420,-3.05,-0.39
2011-02-23,12.32,12.45,12.5,12.3,10829.0,13416281.0,002420,0.4,0.05
2011-02-24,12.45,12.54,12.58,12.38,9674.0,12083849.0,002420,0.72,0.09
2011-02-25,12.54,12.56,12.58,12.39,8581.0,10712514.0,002420,0.16,0.02
2011-03-01,12.5,12.67,12.79,12.5,17672.0,22426718.0,002420,0.88,0.11
2011-03-02,12.6,12.75,12.77,12.5,14355.0,18161542.0,002420,0.63,0.08
2011-03-03,12.75,12.51,12.8,12.43,10661.0,13494716.0,002420,-1.88,-0.24
2011-03-04,12.53,12.71,12.73,12.5,8001.0,10113027.0,002420,1.6,0.2
2011-03-07,12.73,12.77,12.79,12.67,19845.0,25273838.0,002420,0.47,0.06
2011-03-08,12.76,12.77,12.82,12.69,11547.0,14734713.0,002420,0.0,0.0
2011-03-09,12.75,12.81,12.87,12.73,13016.0,16666343.0,002420,0.31,0.04
2011-03-10,12.8,12.7,12.8,12.67,12412.0,15776597.0,002420,-0.86,-0.11
2011-03-11,12.68,12.78,12.95,12.64,18042.0,23126134.0,002420,0.63,0.08
2011-03-14,12.76,13.04,13.07,12.75,22515.0,29154620.0,002420,2.03,0.26
2011-03-15,13.04,12.88,13.04,12.6,18715.0,23912496.0,002420,-1.23,-0.16
2011-03-16,12.86,13.14,13.15,12.8,22587.0,29392970.0,002420,2.02,0.26
2011-03-17,13.0,12.83,13.28,12.77,23195.0,30274362.0,002420,-2.36,-0.31
2011-03-18,12.86,12.87,13.05,12.85,9594.0,12377424.0,002420,0.31,0.04
2011-03-21,12.87,12.67,12.9,12.58,17154.0,21761026.0,002420,-1.55,-0.2
2011-03-22,12.67,12.61,12.69,12.5,7937.0,9981172.0,002420,-0.47,-0.06
2011-03-23,12.64,12.71,12.74,12.55,8084.0,10245018.0,002420,0.79,0.1
2011-03-24,12.75,12.79,12.86,12.7,12480.0,15960437.0,002420,0.63,0.08
2011-03-25,12.8,12.88,12.98,12.79,12030.0,15519815.0,002420,0.7,0.09
2011-03-28,12.9,13.03,13.13,12.89,17033.0,22205570.0,002420,1.16,0.15
2011-03-29,13.09,12.81,13.09,12.79,15223.0,19672490.0,002420,-1.69,-0.22
2011-03-30,12.83,12.65,12.84,12.65,9395.0,11948006.0,002420,-1.25,-0.16
2011-03-31,12.55,12.24,12.65,12.23,16068.0,19963308.0,002420,-3.24,-0.41
2011-04-01,12.24,12.37,12.4,12.23,6546.0,8066735.0,002420,1.06,0.13
2011-04-06,12.35,12.41,12.43,12.32,8335.0,10326612.0,002420,0.32,0.04
2011-04-07,12.45,12.8,12.8,12.24,25693.0,32130514.0,002420,3.14,0.39
2011-04-08,12.75,12.65,12.8,12.52,15551.0,19681530.0,002420,-1.17,-0.15
2011-04-11,12.66,12.48,12.75,12.45,9965.0,12535200.0,002420,-1.34,-0.17
2011-04-12,12.46,12.51,12.59,12.38,8034.0,10024362.0,002420,0.24,0.03
2011-04-13,12.5,12.55,12.55,12.34,8876.0,11047804.0,002420,0.32,0.04
2011-04-14,12.51,12.5,12.56,12.41,8143.0,10143857.0,002420,-0.4,-0.05
2011-04-15,12.32,12.26,12.41,12.15,19509.0,23901048.0,002420,-1.92,-0.24
2011-04-18,12.2,12.12,12.23,12.03,12380.0,15021715.0,002420,-1.14,-0.14
2011-04-19,12.1,12.11,12.15,11.96,11841.0,14252677.0,002420,-0.08,-0.01
2011-04-20,12.14,12.24,12.28,12.04,12475.0,15151282.0,002420,1.07,0.13
2011-04-21,12.24,12.24,12.28,12.15,7743.0,9459840.0,002420,0.0,0.0
2011-04-22,12.24,12.26,12.31,12.15,10347.0,12659962.0,002420,0.16,0.02
2011-04-26,12.06,11.75,12.06,11.61,11852.0,13993114.0,002420,-4.16,-0.51
2011-04-27,11.75,11.97,11.99,11.75,11829.0,14068651.0,002420,1.87,0.22
2011-04-28,12.0,11.5,12.15,11.45,14084.0,16719894.0,002420,-3.93,-0.47
2011-04-29,11.55,11.68,11.8,11.55,5582.0,6510277.0,002420,1.57,0.18
2011-05-03,11.56,12.11,12.13,11.51,11099.0,13138355.0,002420,3.68,0.43
2011-05-04,11.93,11.55,12.03,11.4,12345.0,14444803.0,002420,-4.62,-0.56
2011-05-05,11.41,11.64,11.65,11.41,3816.0,4424341.0,002420,0.78,0.09
2011-05-06,11.58,11.66,11.74,11.5,3214.0,3740129.0,002420,0.17,0.02
2011-05-09,11.65,11.77,11.87,11.65,4825.0,5659149.5,002420,0.94,0.11
2011-05-10,11.77,11.71,11.77,11.62,2443.0,2856198.25,002420,-0.51,-0.06
2011-05-11,11.7,11.66,11.77,11.65,4444.0,5201268.0,002420,-0.43,-0.05
2011-05-12,11.65,11.65,11.81,11.64,4991.0,5852463.5,002420,-0.09,-0.01
2011-05-13,11.65,11.74,11.79,11.65,4252.0,4983022.5,002420,0.77,0.09
2011-05-16,11.74,11.73,11.84,11.7,3416.0,4022305.5,002420,-0.09,-0.01
2011-05-17,11.65,11.54,11.72,11.5,5312.0,6146030.0,002420,-1.62,-0.19
2011-05-18,11.58,11.61,11.63,11.5,2940.0,3406207.75,002420,0.61,0.07
2011-05-19,11.61,11.45,11.65,11.43,3553.0,4099734.0,002420,-1.38,-0.16
2011-05-20,11.45,11.14,11.46,11.01,10599.0,11845890.0,002420,-2.71,-0.31
2011-05-23,11.14,10.6,11.14,10.58,9914.0,10745157.0,002420,-4.85,-0.54
2011-05-24,10.63,10.57,10.64,10.3,5268.0,5505522.0,002420,-0.28,-0.03
2011-05-25,10.6,10.43,10.73,10.42,3136.0,3309060.0,002420,-1.32,-0.14
2011-05-26,10.43,10.36,10.56,10.32,3342.0,3486442.0,002420,-0.67,-0.07
2011-05-27,10.36,9.97,10.43,9.88,5919.0,5982348.0,002420,-3.76,-0.39
2011-05-30,9.97,9.59,10.01,9.59,4472.0,4414529.5,002420,-3.81,-0.38
2011-05-31,9.51,9.79,9.81,9.51,5174.0,4995818.5,002420,2.09,0.2
2011-06-01,9.78,9.87,9.88,9.65,5309.0,5197529.5,002420,0.82,0.08
2011-06-02,9.81,9.59,9.84,9.5,3093.0,2976853.75,002420,-2.84,-0.28
2011-06-03,9.67,9.79,9.83,9.61,3474.0,3390477.0,002420,2.09,0.2
2011-06-07,9.79,9.86,9.87,9.71,2861.0,2806633.5,002420,0.72,0.07
2011-06-08,9.85,9.87,9.9,9.65,5694.0,5569147.0,002420,0.1,0.01
2011-06-09,9.89,9.78,9.9,9.66,3896.0,3811930.5,002420,-0.91,-0.09
2011-06-10,9.75,10.18,10.2,9.68,12028.0,12035444.0,002420,4.09,0.4
2011-06-13,10.0,10.06,10.11,9.9,5078.0,5087789.0,002420,-1.18,-0.12
2011-06-14,10.2,10.36,10.56,10.01,8901.0,9095834.0,002420,2.98,0.3
2011-06-15,10.36,10.26,10.36,10.06,6514.0,6631306.0,002420,-0.97,-0.1
2011-06-16,10.12,10.12,10.16,10.01,2612.0,2629706.25,002420,-1.36,-0.14
2011-06-17,10.13,10.13,10.19,9.8,2900.0,2913360.0,002420,0.1,0.01
2011-06-20,10.0,9.12,10.15,9.12,54722.0,50187860.0,002420,-9.97,-1.01
2011-06-21,8.88,8.78,8.91,8.6,37059.0,32404312.0,002420,-3.73,-0.34
2011-06-22,8.71,8.78,8.94,8.71,19584.0,17289606.0,002420,0.0,0.0
2011-06-23,8.78,8.89,8.9,8.53,16957.0,14835844.0,002420,1.25,0.11
2011-06-24,8.88,9.05,9.18,8.84,25033.0,22607158.0,002420,1.8,0.16
2011-06-27,8.99,9.13,9.17,8.99,24735.0,22541294.0,002420,0.88,0.08
2011-06-28,9.13,9.1,9.16,9.03,14397.0,13062635.0,002420,-0.33,-0.03
2011-06-29,9.12,9.09,9.22,9.07,16185.0,14812844.0,002420,-0.11,-0.01
2011-06-30,9.15,9.1,9.19,9.01,13933.0,12701111.0,002420,0.11,0.01
2011-07-01,9.11,9.1,9.18,9.06,16538.0,15086224.0,002420,0.0,0.0
2011-07-04,9.12,9.26,9.26,9.07,18761.0,17270584.0,002420,1.76,0.16
2011-07-05,9.27,9.39,9.42,9.21,21169.0,19675070.0,002420,1.4,0.13
2011-07-06,9.3,9.34,9.38,9.2,16340.0,15165106.0,002420,-0.53,-0.05
2011-07-07,9.27,9.32,9.45,9.25,19727.0,18464278.0,002420,-0.21,-0.02
2011-07-08,9.3,9.33,9.41,9.27,14369.0,13418608.0,002420,0.11,0.01
2011-07-11,9.34,9.38,9.38,9.2,15504.0,14404916.0,002420,0.54,0.05
2011-07-12,9.34,9.11,9.34,9.08,14044.0,12917530.0,002420,-2.88,-0.27
2011-07-13,9.04,9.23,9.23,9.01,14961.0,13652999.0,002420,1.32,0.12
2011-07-14,9.21,9.36,9.36,9.21,15676.0,14596144.0,002420,1.41,0.13
2011-07-15,9.36,9.57,9.61,9.34,26271.0,25004454.0,002420,2.24,0.21
2011-07-18,9.57,9.54,9.65,9.5,16310.0,15566299.0,002420,-0.31,-0.03
2011-07-19,9.54,9.39,9.54,9.35,9839.0,9254920.0,002420,-1.57,-0.15
2011-07-20,9.43,9.55,9.56,9.36,13372.0,12690045.0,002420,1.7,0.16
2011-07-21,9.54,9.32,9.54,9.31,9726.0,9146881.0,002420,-2.41,-0.23
2011-07-22,9.31,9.37,9.46,9.31,8129.0,7639139.0,002420,0.54,0.05
2011-07-25,9.37,8.9,9.37,8.85,18696.0,16963890.0,002420,-5.02,-0.47
2011-07-26,8.9,8.91,8.92,8.72,6282.0,5546739.0,002420,0.11,0.01
2011-07-27,8.99,9.02,9.11,8.85,8907.0,7988382.0,002420,1.23,0.11
2011-07-28,8.9,8.93,8.98,8.87,8423.0,7511124.0,002420,-1.0,-0.09
2011-07-29,8.91,8.82,8.98,8.75,9792.0,8675205.0,002420,-1.23,-0.11
2011-08-01,8.85,8.92,8.95,8.79,6720.0,5977944.5,002420,1.13,0.1
2011-08-02,8.82,8.9,8.92,8.75,7679.0,6765632.0,002420,-0.22,-0.02
2011-08-03,8.85,9.06,9.1,8.81,12660.0,11403732.0,002420,1.8,0.16
2011-08-04,9.05,9.1,9.18,9.01,8948.0,8146770.5,002420,0.44,0.04
2011-08-05,8.9,8.88,8.99,8.7,8678.0,7709986.5,002420,-2.42,-0.22
2011-08-09,8.02,8.29,8.44,7.99,22386.0,18181236.0,002420,-6.64,-0.59
2011-08-10,8.35,8.26,8.48,8.26,13087.0,10956943.0,002420,-0.36,-0.03
2011-08-11,8.07,8.39,8.4,7.99,11720.0,9630797.0,002420,1.57,0.13
2011-08-12,8.41,8.53,8.62,8.38,14312.0,12199954.0,002420,1.67,0.14
2011-08-15,8.5,8.66,8.7,8.49,12338.0,10621776.0,002420,1.52,0.13
2011-08-16,8.66,8.62,8.72,8.56,7413.0,6397885.5,002420,-0.46,-0.04
2011-08-17,8.59,8.7,8.81,8.52,11846.0,10299229.0,002420,0.93,0.08
2011-08-18,8.65,8.59,8.8,8.58,10553.0,9174043.0,002420,-1.26,-0.11
2011-08-19,8.42,8.49,8.59,8.39,5564.0,4718090.0,002420,-1.16,-0.1
2011-08-22,8.54,8.56,8.65,8.47,7815.0,6715067.5,002420,0.82,0.07
2011-08-23,8.55,8.77,8.8,8.55,9479.0,8272706.0,002420,2.45,0.21
2011-08-24,8.81,8.75,8.97,8.72,9101.0,8036795.0,002420,-0.23,-0.02
2011-08-25,8.8,8.9,8.95,8.7,8416.0,7450496.5,002420,1.71,0.15
2011-08-26,8.86,8.92,9.0,8.8,13477.0,12008831.0,002420,0.22,0.02
2011-08-29,8.89,8.9,9.12,8.87,12195.0,10969659.0,002420,-0.22,-0.02
2011-08-30,8.99,8.75,9.0,8.75,8762.0,7776927.5,002420,-1.69,-0.15
2011-08-31,8.81,8.65,8.81,8.55,6253.0,5408961.0,002420,-1.14,-0.1
2011-09-01,8.6,8.96,9.03,8.58,19693.0,17436800.0,002420,3.58,0.31
2011-09-02,8.95,8.68,8.95,8.58,14310.0,12436957.0,002420,-3.13,-0.28
2011-09-05,8.55,8.28,8.57,8.28,8356.0,6979085.0,002420,-4.61,-0.4
2011-09-06,8.08,8.26,8.28,8.08,3082.0,2535539.5,002420,-0.24,-0.02
2011-09-07,8.26,8.43,8.44,8.26,7979.0,6662799.5,002420,2.06,0.17
2011-09-08,8.45,8.28,8.46,8.26,4976.0,4163371.0,002420,-1.78,-0.15
2011-09-09,8.28,8.27,8.37,8.23,3289.0,2731740.5,002420,-0.12,-0.01
2011-09-13,8.24,8.11,8.24,8.03,3959.0,3206765.75,002420,-1.93,-0.16
2011-09-14,8.2,8.19,8.2,8.06,3641.0,2962472.0,002420,0.99,0.08
2011-09-15,8.16,8.29,8.35,8.16,5353.0,4434301.5,002420,1.22,0.1
2011-09-16,8.3,8.3,8.35,8.25,3771.0,3130772.0,002420,0.12,0.01
2011-09-19,8.23,8.14,8.29,8.1,4264.0,3481191.5,002420,-1.93,-0.16
2011-09-20,8.1,8.18,8.24,8.06,2336.0,1905863.5,002420,0.49,0.04
2011-09-21,8.18,8.41,8.42,8.15,6585.0,5502078.0,002420,2.81,0.23
2011-09-22,8.39,8.17,8.39,8.15,4567.0,3786878.25,002420,-2.85,-0.24
2011-09-23,8.15,8.17,8.18,8.03,3155.0,2564159.25,002420,0.0,0.0
2011-09-26,8.23,8.09,8.33,8.09,4174.0,3414257.5,002420,-0.98,-0.08
2011-09-27,8.13,8.14,8.22,8.09,3809.0,3100969.75,002420,0.62,0.05
2011-09-28,8.28,7.99,8.28,7.99,7655.0,6217729.5,002420,-1.84,-0.15
2011-09-29,7.95,7.7,7.95,7.68,8078.0,6274879.5,002420,-3.63,-0.29
2011-09-30,7.67,7.79,7.81,7.67,3916.0,3033603.0,002420,1.17,0.09
2011-10-10,7.88,7.88,7.9,7.76,4190.0,3278893.0,002420,1.16,0.09
2011-10-11,8.01,8.01,8.08,7.7,6935.0,5468511.0,002420,1.65,0.13
2011-10-12,7.96,8.22,8.26,7.83,8098.0,6587770.0,002420,2.62,0.21
2011-10-13,8.18,8.21,8.29,8.16,7546.0,6212686.0,002420,-0.12,-0.01
2011-10-14,8.21,8.18,8.23,8.08,4589.0,3737665.5,002420,-0.37,-0.03
2011-10-17,8.24,8.19,8.26,8.15,3034.0,2486022.25,002420,0.12,0.01
2011-10-18,8.19,7.96,8.19,7.93,3871.0,3118519.75,002420,-2.81,-0.23
2011-10-19,8.03,8.0,8.05,7.88,3243.0,2584325.25,002420,0.5,0.04
2011-10-20,7.88,7.67,8.0,7.55,7304.0,5597005.0,002420,-4.13,-0.33
2011-10-21,7.64,7.5,7.66,7.48,3349.0,2538685.5,002420,-2.22,-0.17
2011-10-24,7.35,7.57,7.63,7.3,5623.0,4187178.0,002420,0.93,0.07
2011-10-25,7.51,7.71,7.77,7.51,6096.0,4676557.5,002420,1.85,0.14
2011-10-26,7.66,7.72,7.83,7.63,5528.0,4280584.5,002420,0.13,0.01
2011-10-27,7.75,7.75,7.89,7.68,6033.0,4678123.5,002420,0.39,0.03
2011-10-28,7.78,7.9,7.93,7.78,7530.0,5904893.5,002420,1.94,0.15
2011-10-31,7.89,7.94,7.94,7.83,5624.0,4437663.0,002420,0.51,0.04
2011-11-01,7.91,7.9,7.98,7.81,7238.0,5708918.0,002420,-0.5,-0.04
2011-11-02,7.81,8.03,8.03,7.68,10793.0,8476504.0,002420,1.65,0.13
2011-11-03,8.07,8.08,8.25,8.04,17585.0,14346180.0,002420,0.62,0.05
2011-11-04,8.38,8.17,8.38,8.09,12571.0,10315104.0,002420,1.11,0.09
2011-11-07,8.26,8.2,8.37,8.18,12435.0,10295755.0,002420,0.37,0.03
2011-11-08,8.17,8.06,8.24,8.04,8066.0,6583657.0,002420,-1.71,-0.14
2011-11-09,8.02,8.21,8.21,8.02,6978.0,5654244.5,002420,1.86,0.15
2011-11-10,8.08,8.15,8.3,8.05,10821.0,8839915.0,002420,-0.73,-0.06
2011-11-11,8.15,8.2,8.29,8.1,8715.0,7149136.5,002420,0.61,0.05
2011-11-14,8.3,8.36,8.43,8.23,10562.0,8831741.0,002420,1.95,0.16
2011-11-15,8.38,8.46,8.47,8.3,10479.0,8798241.0,002420,1.2,0.1
2011-11-16,8.54,8.11,8.54,8.09,14219.0,11773235.0,002420,-4.14,-0.35
2011-11-17,8.12,8.18,8.27,8.11,9466.0,7755955.5,002420,0.86,0.07
2011-11-18,8.15,7.87,8.16,7.8,9124.0,7260036.0,002420,-3.79,-0.31
2011-11-21,7.87,7.97,7.98,7.81,6100.0,4816492.5,002420,1.27,0.1
2011-11-22,7.89,8.08,8.08,7.83,4941.0,3943547.75,002420,1.38,0.11
2011-11-23,8.13,8.25,8.43,8.13,31412.0,26116878.0,002420,2.1,0.17
2011-11-24,8.24,8.46,8.48,8.14,26248.0,21875014.0,002420,2.55,0.21
2011-11-25,8.46,8.29,8.58,8.26,17284.0,14505177.0,002420,-2.01,-0.17
2011-11-28,8.3,8.11,8.33,8.04,12572.0,10234588.0,002420,-2.17,-0.18
2011-11-29,8.16,8.65,8.65,8.15,29615.0,24959038.0,002420,6.66,0.54
2011-11-30,8.55,8.22,8.56,8.03,30771.0,25658110.0,002420,-4.97,-0.43
2011-12-01,8.38,8.61,8.78,8.32,48346.0,41492404.0,002420,4.74,0.39
2011-12-02,8.48,8.94,8.99,8.4,83391.0,73395448.0,002420,3.83,0.33
2011-12-05,8.8,8.54,8.94,8.54,45168.0,39362200.0,002420,-4.47,-0.4
2011-12-06,8.4,8.04,8.47,7.7,39586.0,32021648.0,002420,-5.85,-0.5
2011-12-07,7.98,7.82,8.0,7.69,24985.0,19567894.0,002420,-2.74,-0.22
2011-12-08,7.77,7.89,7.89,7.5,19111.0,14776416.0,002420,0.9,0.07
2011-12-09,7.8,7.73,7.84,7.71,9855.0,7643535.0,002420,-2.03,-0.16
2011-12-12,7.75,7.53,7.76,7.51,7807.0,5961217.5,002420,-2.59,-0.2
2011-12-13,7.42,7.15,7.45,7.1,13275.0,9638251.0,002420,-5.05,-0.38
2011-12-14,7.19,7.0,7.19,6.96,7759.0,5485044.0,002420,-2.1,-0.15
2011-12-15,6.98,6.63,6.98,6.5,12750.0,8590074.0,002420,-5.29,-0.37
2011-12-16,6.54,6.89,6.91,6.54,7258.0,4882113.5,002420,3.92,0.26
2011-12-19,6.89,6.84,6.89,6.66,6788.0,4589838.0,002420,-0.73,-0.05
2011-12-21,6.86,6.55,6.93,6.52,7106.0,4850807.0,002420,-4.24,-0.29
2011-12-22,6.43,6.46,6.54,6.21,8262.0,5270858.0,002420,-1.37,-0.09
2011-12-23,6.43,6.54,6.66,6.4,5005.0,3276637.25,002420,1.24,0.08
2011-12-26,6.47,6.46,6.63,6.46,4112.0,2692205.5,002420,-1.22,-0.08
2011-12-27,6.49,6.31,6.56,6.31,4338.0,2783819.0,002420,-2.32,-0.15
2011-12-28,6.3,6.37,6.39,6.11,3861.0,2401700.5,002420,0.95,0.06
2011-12-29,6.26,6.34,6.4,6.26,2457.0,1563837.125,002420,-0.47,-0.03
2011-12-30,6.35,6.45,6.5,6.35,2819.0,1819766.875,002420,1.74,0.11
2012-01-04,6.51,6.33,6.56,6.3,3534.0,2279853.0,002420,-1.86,-0.12
2012-01-05,6.26,6.05,6.29,6.0,3513.0,2160146.0,002420,-4.42,-0.28
2012-01-06,6.06,6.08,6.14,5.83,5478.0,3270654.0,002420,0.5,0.03
2012-01-09,6.13,6.32,6.32,6.06,7162.0,4473912.0,002420,3.95,0.24
2012-01-10,6.31,6.56,6.58,6.31,10076.0,6519503.0,002420,3.8,0.24
2012-01-11,6.49,6.53,6.63,6.42,8808.0,5742152.0,002420,-0.46,-0.03
2012-01-12,6.46,6.54,6.63,6.45,7013.0,4597043.0,002420,0.15,0.01
2012-01-13,6.6,6.49,6.9,6.36,15931.0,10559959.0,002420,-0.76,-0.05
2012-01-16,6.38,6.13,6.38,6.11,7191.0,4453899.5,002420,-5.55,-0.36
2012-01-17,6.13,6.42,6.45,6.05,6623.0,4192488.5,002420,4.73,0.29
2012-01-18,6.54,6.28,6.55,6.24,7143.0,4563038.5,002420,-2.18,-0.14
2012-01-19,6.25,6.27,6.34,6.15,8141.0,5099303.5,002420,-0.16,-0.01
2012-01-20,6.32,6.32,6.35,6.24,5894.0,3720705.0,002420,0.8,0.05
2012-01-30,6.35,6.32,6.39,6.25,4660.0,2952342.0,002420,0.0,0.0
2012-01-31,6.3,6.32,6.35,6.22,3017.0,1892344.125,002420,0.0,0.0
2012-02-01,6.27,6.28,6.36,6.24,4097.0,2589856.25,002420,-0.63,-0.04
2012-02-02,6.32,6.41,6.41,6.3,4104.0,2612116.5,002420,2.07,0.13
2012-02-03,6.35,6.51,6.57,6.35,7740.0,5023265.0,002420,1.56,0.1
2012-02-06,6.5,6.55,6.6,6.48,8416.0,5496340.5,002420,0.61,0.04
2012-02-07,6.58,6.44,6.58,6.38,4999.0,3220471.0,002420,-1.68,-0.11
2012-02-08,6.39,6.58,6.6,6.36,10212.0,6675285.5,002420,2.17,0.14
2012-02-09,6.65,6.61,6.8,6.61,15598.0,10432034.0,002420,0.46,0.03
2012-02-10,6.56,6.69,6.73,6.55,10497.0,6986230.0,002420,1.21,0.08
2012-02-13,6.69,6.79,6.8,6.58,9565.0,6419568.0,002420,1.49,0.1
2012-02-14,6.8,6.81,6.82,6.65,8137.0,5488666.5,002420,0.29,0.02
2012-02-15,6.84,6.91,6.93,6.74,13714.0,9413149.0,002420,1.47,0.1
2012-02-16,6.91,6.92,6.98,6.82,14174.0,9774007.0,002420,0.14,0.01
2012-02-17,6.9,6.86,6.95,6.78,7572.0,5189003.0,002420,-0.87,-0.06
2012-02-20,7.0,6.82,7.0,6.8,9978.0,6874228.0,002420,-0.58,-0.04
2012-02-21,6.82,6.85,6.89,6.72,10018.0,6810408.0,002420,0.44,0.03
2012-02-22,6.84,7.02,7.03,6.84,16962.0,11799362.0,002420,2.48,0.17
2012-02-23,6.98,7.01,7.07,6.93,11036.0,7734133.0,002420,-0.14,-0.01
2012-02-24,6.99,7.11,7.13,6.99,12090.0,8548960.0,002420,1.43,0.1
2012-02-27,7.11,7.13,7.22,7.06,15640.0,11179174.0,002420,0.28,0.02
2012-02-28,7.11,7.0,7.15,6.93,11770.0,8269086.5,002420,-1.82,-0.13
2012-02-29,6.97,6.9,7.0,6.88,9708.0,6720433.5,002420,-1.43,-0.1
2012-03-01,6.88,6.92,6.96,6.85,7991.0,5515430.5,002420,0.29,0.02
2012-03-02,6.98,7.02,7.03,6.91,11019.0,7693130.0,002420,1.45,0.1
2012-03-05,7.04,7.05,7.08,7.01,9454.0,6656037.5,002420,0.43,0.03
2012-03-06,7.04,6.98,7.04,6.89,7218.0,5009694.5,002420,-0.99,-0.07
2012-03-07,6.88,7.08,7.11,6.85,13474.0,9468411.0,002420,1.43,0.1
2012-03-08,7.06,7.15,7.21,7.06,13091.0,9341930.0,002420,0.99,0.07
2012-03-09,7.21,7.19,7.21,7.1,13228.0,9464029.0,002420,0.56,0.04
2012-03-12,7.16,7.23,7.25,7.13,8833.0,6349554.0,002420,0.56,0.04
2012-03-13,7.24,7.26,7.27,7.15,11097.0,8011187.5,002420,0.41,0.03
2012-03-14,7.26,6.85,7.31,6.81,18446.0,13126100.0,002420,-5.65,-0.41
2012-03-15,6.86,6.74,7.05,6.66,8520.0,5784019.5,002420,-1.61,-0.11
2012-03-16,6.84,6.9,6.9,6.75,8487.0,5795719.5,002420,2.37,0.16
2012-03-19,6.85,7.03,7.07,6.84,7493.0,5209227.5,002420,1.88,0.13
2012-03-20,7.0,7.15,7.27,6.96,25693.0,18319468.0,002420,1.71,0.12
2012-03-21,7.14,7.13,7.2,7.01,12583.0,8943573.0,002420,-0.28,-0.02
2012-03-22,7.14,7.18,7.26,7.11,10273.0,7368813.5,002420,0.7,0.05
2012-03-23,7.12,6.88,7.15,6.82,11123.0,7708772.5,002420,-4.18,-0.3
2012-03-26,6.85,7.17,7.23,6.82,19409.0,13740228.0,002420,4.22,0.29
2012-03-27,7.15,7.25,7.39,7.1,41141.0,29851138.0,002420,1.12,0.08
2012-03-28,7.2,6.66,7.24,6.64,22124.0,15334046.0,002420,-8.14,-0.59
2012-03-29,6.67,6.81,6.85,6.4,17237.0,11477895.0,002420,2.25,0.15
2012-03-30,6.8,7.35,7.49,6.71,71065.0,51590028.0,002420,7.93,0.54
2012-04-05,7.2,7.42,7.52,7.2,69496.0,51223844.0,002420,0.95,0.07
2012-04-06,7.37,7.4,7.41,7.2,42266.0,30844924.0,002420,-0.27,-0.02
2012-04-09,7.33,7.51,7.59,7.23,47504.0,35371572.0,002420,1.49,0.11
2012-04-10,7.41,7.73,7.78,7.12,45945.0,34100624.0,002420,2.93,0.22
2012-04-11,7.5,7.45,7.66,7.4,31080.0,23361952.0,002420,-3.62,-0.28
2012-04-12,7.5,7.51,7.58,7.37,24779.0,18519648.0,002420,0.81,0.06
2012-04-13,7.51,7.65,7.77,7.46,43254.0,32941930.0,002420,1.86,0.14
2012-04-16,7.61,7.61,7.77,7.51,28675.0,21889458.0,002420,-0.52,-0.04
2012-04-17,7.54,7.31,7.61,7.3,21646.0,16032831.0,002420,-3.94,-0.3
2012-04-18,7.26,7.48,7.52,7.26,16338.0,12134866.0,002420,2.33,0.17
2012-04-19,7.53,7.4,7.58,7.38,15867.0,11838291.0,002420,-1.07,-0.08
2012-04-20,7.31,7.37,7.4,7.26,19979.0,14639707.0,002420,-0.41,-0.03
2012-04-23,7.37,7.07,7.37,7.07,13690.0,9889171.0,002420,-4.07,-0.3
2012-04-24,7.09,6.95,7.2,6.68,17237.0,11910635.0,002420,-1.7,-0.12
2012-04-25,6.98,7.08,7.12,6.86,10944.0,7703697.0,002420,1.87,0.13
2012-04-26,7.08,7.11,7.14,7.03,6565.0,4647776.0,002420,0.42,0.03
2012-04-27,7.09,7.09,7.18,7.06,5542.0,3953387.25,002420,-0.28,-0.02
2012-05-03,7.1,7.13,7.24,7.1,9643.0,6888995.0,002420,0.56,0.04
2012-05-04,7.13,7.22,7.27,7.08,13399.0,9612750.0,002420,1.26,0.09
2012-05-07,7.23,7.25,7.27,7.16,6966.0,5028650.0,002420,0.42,0.03
2012-05-08,7.3,7.24,7.3,7.13,7387.0,5319836.5,002420,-0.14,-0.01
2012-05-09,7.17,7.12,7.18,7.04,7885.0,5613621.0,002420,-1.66,-0.12
2012-05-10,7.13,7.21,7.27,7.11,5725.0,4118502.5,002420,1.26,0.09
2012-05-11,7.21,7.07,7.21,7.06,7046.0,5007453.0,002420,-1.94,-0.14
2012-05-14,7.15,7.04,7.15,7.02,3936.0,2786030.0,002420,-0.42,-0.03
2012-05-15,6.94,7.0,7.0,6.9,2983.0,2073180.875,002420,-0.57,-0.04
2012-05-16,7.06,6.8,7.06,6.75,6297.0,4322224.5,002420,-2.86,-0.2
2012-05-17,6.75,6.9,6.92,6.75,4413.0,3034944.5,002420,1.47,0.1
2012-05-18,6.9,6.78,6.9,6.73,4005.0,2734512.5,002420,-1.74,-0.12
2012-05-21,6.75,6.77,6.85,6.7,2806.0,1897467.0,002420,-0.15,-0.01
2012-05-22,6.8,6.83,6.84,6.79,3028.0,2064577.75,002420,0.89,0.06
2012-05-23,6.84,6.76,6.85,6.72,3072.0,2082982.5,002420,-1.02,-0.07
2012-05-24,6.75,6.7,6.8,6.63,3288.0,2208653.75,002420,-0.89,-0.06
2012-05-25,6.68,6.68,6.79,6.65,3068.0,2065369.625,002420,-0.3,-0.02
2012-05-28,6.65,6.74,6.75,6.46,3856.0,2545609.75,002420,0.9,0.06
2012-05-29,6.79,6.84,6.89,6.74,6046.0,4135125.25,002420,1.48,0.1
2012-05-30,6.82,6.85,6.88,6.81,2737.0,1874770.125,002420,0.15,0.01
2012-05-31,6.8,6.85,6.88,6.78,3887.0,2650459.75,002420,0.0,0.0
2012-06-01,6.85,6.82,6.9,6.8,3227.0,2210558.75,002420,-0.44,-0.03
2012-06-04,6.74,6.65,6.74,6.55,6856.0,4543458.0,002420,-2.49,-0.17
2012-06-05,6.64,6.76,6.79,6.64,11449.0,7698778.0,002420,1.65,0.11
2012-06-06,6.78,7.05,7.1,6.64,30919.0,21467310.0,002420,4.29,0.29
2012-06-07,7.04,6.91,7.12,6.89,13547.0,9477972.0,002420,-1.99,-0.14
2012-06-08,6.96,6.91,7.05,6.83,6181.0,4257679.0,002420,0.0,0.0
2012-06-11,6.88,7.28,7.28,6.88,30458.0,21814986.0,002420,5.35,0.37
2012-06-12,7.25,7.35,7.41,7.04,30496.0,22239772.0,002420,0.96,0.07
2012-06-13,7.33,7.51,7.71,7.3,82775.0,62454788.0,002420,2.18,0.16
2012-06-14,7.41,7.6,7.8,7.36,87856.0,67017488.0,002420,1.2,0.09
2012-06-15,7.54,7.7,7.96,7.47,101158.0,78172552.0,002420,1.32,0.1
2012-06-18,7.69,7.87,8.02,7.55,106829.0,83056336.0,002420,2.21,0.17
2012-06-19,7.78,7.77,7.99,7.68,94101.0,73644920.0,002420,-1.27,-0.1
2012-06-21,7.55,7.45,7.65,7.45,24470.0,18444488.0,002420,-4.12,-0.32
2012-06-25,7.5,7.88,8.2,7.5,100725.0,78559912.0,002420,5.77,0.43
2012-06-26,7.87,7.8,7.97,7.66,85638.0,66961424.0,002420,-1.02,-0.08
2012-06-27,7.74,7.89,8.3,7.7,102575.0,81240104.0,002420,1.15,0.09
2012-06-28,7.87,7.92,8.15,7.75,91949.0,72957176.0,002420,0.38,0.03
2012-06-29,7.93,7.75,8.05,7.56,67036.0,52179084.0,002420,-2.15,-0.17
2012-07-02,7.8,7.7,7.9,7.64,47188.0,36456716.0,002420,-0.65,-0.05
2012-07-03,7.7,7.6,7.76,7.47,26687.0,20318928.0,002420,-1.3,-0.1
2012-07-04,7.66,7.75,7.77,7.56,21398.0,16412951.0,002420,1.97,0.15
2012-07-05,7.78,7.63,7.78,7.6,16378.0,12559535.0,002420,-1.55,-0.12
2012-07-06,7.66,7.84,7.88,7.62,22409.0,17355010.0,002420,2.75,0.21
2012-07-09,7.79,8.1,8.25,7.79,126310.0,102177424.0,002420,3.32,0.26
2012-07-10,8.36,8.1,8.4,7.92,116682.0,95070616.0,002420,0.0,0.0
2012-07-11,7.95,8.02,8.13,7.94,34280.0,27458746.0,002420,-0.99,-0.08
2012-07-12,8.06,8.28,8.35,8.0,110735.0,90473424.0,002420,3.24,0.26
2012-07-13,8.24,8.36,8.5,8.15,125750.0,104534104.0,002420,0.97,0.08
2012-07-16,8.15,8.25,8.29,8.04,37836.0,30715206.0,002420,-1.32,-0.11
2012-07-17,8.05,8.36,8.5,8.05,101952.0,85048528.0,002420,1.33,0.11
2012-07-18,8.36,8.28,8.39,8.16,25584.0,21119812.0,002420,-0.96,-0.08
2012-07-19,8.22,8.43,8.6,8.22,84282.0,71545056.0,002420,1.81,0.15
2012-07-20,8.46,8.59,8.65,8.3,72678.0,61775552.0,002420,1.9,0.16
2012-07-23,8.61,8.53,8.68,8.45,54191.0,46309560.0,002420,-0.7,-0.06
2012-07-24,8.5,8.54,8.58,8.35,49294.0,41665116.0,002420,0.12,0.01
2012-07-25,8.46,8.38,8.51,8.25,44368.0,37390984.0,002420,-1.87,-0.16
2012-07-26,8.21,8.27,8.45,8.1,30831.0,25389404.0,002420,-1.31,-0.11
2012-07-27,8.26,8.26,8.35,8.2,13465.0,11172954.0,002420,-0.12,-0.01
2012-07-30,8.3,8.2,8.45,8.1,14321.0,11822256.0,002420,-0.73,-0.06
2012-07-31,8.24,8.16,8.3,8.06,9552.0,7788612.0,002420,-0.49,-0.04
2012-08-01,8.2,8.45,8.5,8.2,63609.0,53503228.0,002420,3.55,0.29
2012-08-02,8.48,8.38,8.54,8.34,20975.0,17616370.0,002420,-0.83,-0.07
2012-08-03,8.47,8.37,8.55,8.33,22508.0,18935724.0,002420,-0.12,-0.01
2012-08-06,8.37,8.4,8.45,8.31,24417.0,20402638.0,002420,0.36,0.03
2012-08-07,8.42,8.62,8.71,8.29,107070.0,91885504.0,002420,2.62,0.22
2012-08-08,8.6,8.5,8.69,8.38,49138.0,41618352.0,002420,-1.39,-0.12
2012-08-09,8.48,8.35,8.52,8.34,47100.0,39587220.0,002420,-1.76,-0.15
2012-08-10,8.36,7.9,8.46,7.88,73446.0,60264172.0,002420,-5.39,-0.45
2012-08-13,7.8,7.92,8.09,7.76,69507.0,55301980.0,002420,0.25,0.02
2012-08-14,7.94,7.96,8.1,7.82,63398.0,50633316.0,002420,0.51,0.04
2012-08-15,8.01,7.83,8.07,7.63,56239.0,43888604.0,002420,-1.63,-0.13
2012-08-16,7.8,7.58,7.95,7.56,41567.0,32012460.0,002420,-3.19,-0.25
2012-08-17,7.49,7.42,7.58,7.37,16524.0,12307928.0,002420,-2.11,-0.16
2012-08-20,7.43,7.3,7.6,7.25,35949.0,26496140.0,002420,-1.62,-0.12
2012-08-21,7.34,7.3,7.38,7.26,27589.0,20174250.0,002420,0.0,0.0
2012-08-22,7.3,7.06,7.34,7.03,29537.0,21154574.0,002420,-3.29,-0.24
2012-08-23,7.04,7.09,7.14,7.04,19389.0,13750078.0,002420,0.42,0.03
2012-08-24,7.09,7.08,7.17,7.07,18852.0,13413492.0,002420,-0.14,-0.01
2012-08-27,7.09,7.18,7.25,7.05,22809.0,16333469.0,002420,1.41,0.1
2012-08-28,7.18,6.94,7.22,6.94,23902.0,16887264.0,002420,-3.34,-0.24
2012-08-29,6.89,6.63,6.89,6.58,27357.0,18277514.0,002420,-4.47,-0.31
2012-08-30,6.55,6.63,6.69,6.5,14274.0,9424720.0,002420,0.0,0.0
2012-08-31,6.63,6.66,6.72,6.55,10354.0,6864727.0,002420,0.45,0.03
2012-09-03,6.63,6.68,6.72,6.58,11279.0,7539538.0,002420,0.3,0.02
2012-09-04,6.69,6.39,6.71,6.39,18055.0,11776144.0,002420,-4.34,-0.29
2012-09-05,6.36,6.48,6.52,6.36,9361.0,6054307.0,002420,1.41,0.09
2012-09-06,6.47,6.63,6.66,6.47,13644.0,8966353.0,002420,2.31,0.15
2012-09-07,6.65,6.85,6.86,6.64,27225.0,18471542.0,002420,3.32,0.22
2012-09-10,6.85,6.82,6.88,6.73,20048.0,13636366.0,002420,-0.44,-0.03
2012-09-11,6.8,6.9,6.95,6.73,21324.0,14620050.0,002420,1.17,0.08
2012-09-12,6.9,6.84,6.92,6.78,20560.0,14062803.0,002420,-0.87,-0.06
2012-09-13,6.84,6.74,6.84,6.73,16293.0,11026314.0,002420,-1.46,-0.1
2012-09-14,6.77,6.77,6.87,6.64,16945.0,11428612.0,002420,0.45,0.03
2012-09-17,6.75,6.43,6.75,6.39,13234.0,8693393.0,002420,-5.02,-0.34
2012-09-18,6.41,6.42,6.53,6.35,8607.0,5548137.0,002420,-0.16,-0.01
2012-09-19,6.46,6.54,6.55,6.44,6756.0,4398544.0,002420,1.87,0.12
2012-09-20,7.19,7.19,7.19,7.19,43279.0,31118240.0,002420,9.94,0.65
2012-09-21,7.39,7.0,7.68,6.93,125150.0,92297144.0,002420,-2.64,-0.19
2012-09-24,6.39,6.59,6.73,6.3,73501.0,47349868.0,002420,-5.86,-0.41
2012-09-25,6.39,6.3,6.46,6.28,40314.0,25622710.0,002420,-4.4,-0.29
2012-09-26,6.28,5.91,6.28,5.9,37492.0,22749260.0,002420,-6.19,-0.39
2012-09-27,5.9,5.99,6.07,5.86,26080.0,15587064.0,002420,1.35,0.08
2012-09-28,5.98,6.07,6.08,5.93,18768.0,11317575.0,002420,1.34,0.08
2012-10-08,6.08,6.08,6.13,6.04,12930.0,7852640.0,002420,0.16,0.01
2012-10-09,6.08,6.23,6.23,6.05,23621.0,14579960.0,002420,2.47,0.15
2012-10-10,6.23,6.32,6.33,6.15,21552.0,13504192.0,002420,1.44,0.09
2012-10-11,6.3,6.2,6.36,6.19,24612.0,15424986.0,002420,-1.9,-0.12
2012-10-12,6.23,6.18,6.28,6.1,13002.0,8055812.5,002420,-0.32,-0.02
2012-10-15,6.19,6.13,6.19,6.04,12276.0,7496544.5,002420,-0.81,-0.05
2012-10-16,6.12,6.17,6.22,6.09,13084.0,8074423.5,002420,0.65,0.04
2012-10-17,6.2,6.22,6.24,6.12,11686.0,7225158.5,002420,0.81,0.05
2012-10-18,6.22,6.28,6.31,6.21,20837.0,13060015.0,002420,0.96,0.06
2012-10-19,6.25,6.23,6.29,6.2,12678.0,7920034.0,002420,-0.8,-0.05
2012-10-22,6.22,6.25,6.25,6.15,8218.0,5096406.5,002420,0.32,0.02
2012-10-23,6.25,6.13,6.25,6.13,12885.0,7955047.0,002420,-1.92,-0.12
2012-10-24,6.1,6.12,6.18,6.06,10258.0,6272922.5,002420,-0.16,-0.01
2012-10-25,6.09,6.05,6.16,6.05,8117.0,4949326.5,002420,-1.14,-0.07
2012-10-26,6.08,5.83,6.09,5.8,15670.0,9251862.0,002420,-3.64,-0.22
2012-10-29,5.85,5.84,5.87,5.81,7530.0,4392580.5,002420,0.17,0.01
2012-10-30,5.88,5.87,5.9,5.82,5853.0,3433358.0,002420,0.51,0.03
2012-10-31,5.87,5.87,5.88,5.83,5569.0,3262462.0,002420,0.0,0.0
2012-11-01,5.92,6.0,6.03,5.87,10775.0,6433969.5,002420,2.21,0.13
2012-11-02,6.0,6.01,6.04,5.97,6489.0,3892986.75,002420,0.17,0.01
2012-11-05,6.01,5.99,6.03,5.93,6297.0,3764078.75,002420,-0.33,-0.02
2012-11-06,6.0,5.95,6.0,5.87,6414.0,3790682.75,002420,-0.67,-0.04
2012-11-07,5.94,6.01,6.02,5.89,7630.0,4561495.0,002420,1.01,0.06
2012-11-08,5.99,5.88,5.99,5.87,5078.0,3004711.5,002420,-2.16,-0.13
2012-11-09,5.87,5.88,5.91,5.83,3557.0,2084986.625,002420,0.0,0.0
2012-11-12,5.9,5.94,5.97,5.86,3417.0,2021419.125,002420,1.02,0.06
2012-11-13,5.94,5.87,5.94,5.85,5218.0,3073825.75,002420,-1.18,-0.07
2012-11-14,5.83,5.94,5.96,5.82,5342.0,3147022.75,002420,1.19,0.07
2012-11-15,5.91,5.66,5.93,5.65,8315.0,4792654.0,002420,-4.71,-0.28
2012-11-16,5.64,5.57,5.7,5.52,5531.0,3079847.75,002420,-1.59,-0.09
2012-11-19,5.57,5.57,5.59,5.5,4849.0,2686534.0,002420,0.0,0.0
2012-11-20,5.6,5.56,5.61,5.54,4427.0,2468926.0,002420,-0.18,-0.01
2012-11-21,5.56,5.63,5.64,5.5,6661.0,3712956.0,002420,1.26,0.07
2012-11-22,5.61,5.62,5.65,5.56,4997.0,2798473.5,002420,-0.18,-0.01
2012-11-23,5.59,5.67,5.69,5.59,6105.0,3456653.25,002420,0.89,0.05
2012-11-26,5.63,5.58,5.74,5.55,3862.0,2184747.25,002420,-1.59,-0.09
2012-11-27,5.59,5.25,5.62,5.22,5815.0,3115054.5,002420,-5.91,-0.33
2012-11-28,5.27,5.07,5.27,5.06,4781.0,2449522.0,002420,-3.43,-0.18
2012-11-29,5.09,5.0,5.13,4.96,7184.0,3611533.25,002420,-1.38,-0.07
2012-11-30,5.0,5.06,5.09,5.0,3128.0,1577826.0,002420,1.2,0.06
2012-12-03,5.06,4.85,5.07,4.85,4627.0,2302589.75,002420,-4.15,-0.21
2012-12-04,4.85,4.95,4.98,4.83,6536.0,3203630.0,002420,2.06,0.1
2012-12-05,4.95,5.11,5.15,4.95,8503.0,4332006.5,002420,3.23,0.16
2012-12-06,5.14,5.11,5.14,5.08,5038.0,2572698.75,002420,0.0,0.0
2012-12-07,5.1,5.22,5.24,5.07,8407.0,4351911.5,002420,2.15,0.11
2012-12-10,5.3,5.44,5.6,5.19,14195.0,7573000.0,002420,4.21,0.22
2012-12-11,5.4,5.31,5.4,5.3,11211.0,5980731.5,002420,-2.39,-0.13
2012-12-12,5.31,5.3,5.37,5.24,6057.0,3206943.75,002420,-0.19,-0.01
2012-12-13,5.28,5.2,5.3,5.2,4167.0,2185524.25,002420,-1.89,-0.1
2012-12-14,5.18,5.41,5.43,5.18,14159.0,7572922.5,002420,4.04,0.21
2012-12-17,5.66,5.61,5.91,5.52,31061.0,17697964.0,002420,3.7,0.2
2012-12-18,5.55,5.52,5.6,5.48,14979.0,8283985.5,002420,-1.6,-0.09
2012-12-19,5.45,5.6,5.8,5.45,13457.0,7511666.5,002420,1.45,0.08
2012-12-20,5.6,5.58,5.6,5.47,10356.0,5728673.0,002420,-0.36,-0.02
2012-12-21,5.51,5.66,5.68,5.48,16880.0,9428030.0,002420,1.43,0.08
2012-12-24,5.67,5.69,5.71,5.58,14913.0,8455999.0,002420,0.53,0.03
2012-12-25,5.78,5.88,5.92,5.69,22206.0,12963471.0,002420,3.34,0.19
2012-12-26,5.87,5.93,5.93,5.85,12676.0,7481755.0,002420,0.85,0.05
2012-12-27,5.99,6.12,6.52,5.99,48018.0,30250326.0,002420,3.2,0.19
2012-12-28,6.15,6.22,6.37,6.02,49236.0,30853066.0,002420,1.63,0.1
2012-12-31,6.23,6.25,6.35,6.23,25987.0,16364564.0,002420,0.48,0.03
2013-01-04,6.28,6.42,6.87,6.24,60865.0,39717160.0,002420,2.72,0.17
2013-01-07,6.27,6.29,6.41,6.19,39605.0,24857240.0,002420,-2.02,-0.13
2013-01-08,6.25,6.21,6.28,6.16,26211.0,16281192.0,002420,-1.27,-0.08
2013-01-09,6.21,6.2,6.25,6.12,22769.0,14082509.0,002420,-0.16,-0.01
2013-01-10,6.15,6.24,6.28,6.15,26465.0,16441299.0,002420,0.65,0.04
2013-01-11,6.24,6.05,6.27,6.01,22366.0,13734057.0,002420,-3.04,-0.19
2013-01-14,6.05,6.23,6.24,6.01,27735.0,17080466.0,002420,2.98,0.18
2013-01-15,6.27,6.33,6.4,6.18,44131.0,27723974.0,002420,1.61,0.1
2013-01-16,6.34,6.27,6.34,6.19,22982.0,14410648.0,002420,-0.95,-0.06
2013-01-17,6.23,6.14,6.32,6.06,21682.0,13404847.0,002420,-2.07,-0.13
2013-01-18,6.1,6.23,6.24,6.1,14639.0,9056786.0,002420,1.47,0.09
2013-01-21,6.23,6.27,6.3,6.21,15036.0,9413008.0,002420,0.64,0.04
2013-01-22,6.28,6.0,6.3,5.98,32982.0,20261384.0,002420,-4.31,-0.27
2013-01-23,6.01,6.05,6.07,5.93,13053.0,7840001.5,002420,0.83,0.05
2013-01-24,6.02,5.93,6.18,5.9,16265.0,9837794.0,002420,-1.98,-0.12
2013-01-25,5.91,5.86,5.97,5.86,7713.0,4557457.5,002420,-1.18,-0.07
2013-01-28,5.86,6.02,6.04,5.86,8883.0,5327755.0,002420,2.73,0.16
2013-01-29,6.02,6.07,6.08,6.02,9563.0,5792062.5,002420,0.83,0.05
2013-01-30,6.06,6.05,6.09,5.96,20299.0,12181385.0,002420,-0.33,-0.02
2013-01-31,6.05,6.0,6.07,5.98,9728.0,5843470.0,002420,-0.83,-0.05
2013-02-01,6.0,6.07,6.07,5.98,9381.0,5666434.5,002420,1.17,0.07
2013-02-04,6.06,6.68,6.68,6.0,131248.0,85505064.0,002420,10.05,0.61
2013-02-05,6.6,6.44,6.6,6.33,128273.0,82515400.0,002420,-3.59,-0.24
2013-02-06,6.4,6.4,6.49,6.31,59405.0,37912568.0,002420,-0.62,-0.04
2013-02-07,6.43,6.36,6.46,6.35,36439.0,23293504.0,002420,-0.62,-0.04
2013-02-08,6.35,6.37,6.4,6.32,29906.0,19043438.0,002420,0.16,0.01
2013-02-18,6.38,6.37,6.41,6.31,32628.0,20761306.0,002420,0.0,0.0
2013-02-19,6.35,6.25,6.4,6.2,29603.0,18676206.0,002420,-1.88,-0.12
2013-02-20,6.23,6.34,6.35,6.2,24847.0,15642515.0,002420,1.44,0.09
2013-02-21,6.35,6.2,6.35,6.14,28555.0,17861044.0,002420,-2.21,-0.14
2013-02-22,6.34,6.42,6.77,6.31,82753.0,53722092.0,002420,3.55,0.22
2013-02-25,6.35,7.06,7.06,6.23,134816.0,91393536.0,002420,9.97,0.64
2013-02-26,7.06,7.01,7.46,6.85,173022.0,124001200.0,002420,-0.71,-0.05
2013-02-27,6.89,7.71,7.71,6.77,108337.0,79538280.0,002420,9.99,0.7
2013-02-28,8.32,8.22,8.35,7.9,273306.0,222096928.0,002420,6.61,0.51
2013-03-01,8.0,8.3,8.83,7.93,243880.0,203598944.0,002420,0.97,0.08
2013-03-04,8.0,7.64,8.22,7.57,159552.0,126307704.0,002420,-7.95,-0.66
2013-03-05,7.6,7.78,7.84,7.45,118237.0,90632272.0,002420,1.83,0.14
2013-03-06,7.71,8.09,8.22,7.56,156817.0,124621120.0,002420,3.98,0.31
2013-03-07,7.9,7.61,7.97,7.6,102076.0,78965192.0,002420,-5.93,-0.48
2013-03-08,7.57,7.48,7.65,7.35,63184.0,47321616.0,002420,-1.71,-0.13
2013-03-11,7.4,7.55,7.65,7.33,40464.0,30454300.0,002420,0.94,0.07
2013-03-12,7.51,7.19,7.57,7.02,58004.0,42323908.0,002420,-4.77,-0.36
2013-03-13,7.12,7.09,7.22,6.89,37029.0,26143938.0,002420,-1.39,-0.1
2013-03-14,7.01,7.1,7.18,7.01,27358.0,19457914.0,002420,0.14,0.01
2013-03-15,7.11,7.15,7.4,6.91,55113.0,39851696.0,002420,0.7,0.05
2013-03-18,7.05,6.9,7.14,6.89,31839.0,22294874.0,002420,-3.5,-0.25
2013-03-19,6.9,7.11,7.11,6.82,28458.0,19919862.0,002420,3.04,0.21
2013-03-20,7.14,7.22,7.28,7.06,52036.0,37371652.0,002420,1.55,0.11
2013-03-21,7.18,7.44,7.47,7.18,68946.0,50328040.0,002420,3.05,0.22
2013-03-22,7.35,7.29,7.41,7.25,38708.0,28312826.0,002420,-2.02,-0.15
2013-03-25,7.3,7.12,7.3,7.05,36361.0,25932224.0,002420,-2.33,-0.17
2013-03-26,7.09,7.02,7.09,6.91,27157.0,18973992.0,002420,-1.4,-0.1
2013-03-27,6.99,7.02,7.1,6.96,16420.0,11531117.0,002420,0.0,0.0
2013-03-28,7.0,6.66,7.0,6.66,27738.0,18692734.0,002420,-5.13,-0.36
2013-03-29,6.68,6.8,6.88,6.61,23735.0,16033616.0,002420,2.1,0.14
2013-04-01,6.8,6.88,6.96,6.71,20564.0,14021714.0,002420,1.18,0.08
2013-04-02,6.8,6.6,6.89,6.58,25191.0,16910658.0,002420,-4.07,-0.28
2013-04-03,6.6,6.41,6.61,6.36,24254.0,15631420.0,002420,-2.88,-0.19
2013-04-08,6.3,6.61,6.76,6.24,28568.0,18540520.0,002420,3.12,0.2
2013-04-09,6.5,6.52,6.59,6.46,29523.0,19257324.0,002420,-1.36,-0.09
2013-04-10,6.54,6.39,6.55,6.28,25657.0,16412639.0,002420,-1.99,-0.13
2013-04-11,6.4,6.4,6.59,6.37,25278.0,16399253.0,002420,0.16,0.01
2013-04-12,6.37,6.35,6.39,6.2,21266.0,13404394.0,002420,-0.78,-0.05
2013-04-15,6.34,6.35,6.35,6.22,14683.0,9254275.0,002420,0.0,0.0
2013-04-16,6.22,6.44,6.46,6.22,18733.0,11960163.0,002420,1.42,0.09
2013-04-17,6.44,6.42,6.45,6.33,15528.0,9936380.0,002420,-0.31,-0.02
2013-04-18,6.4,6.52,6.55,6.34,22901.0,14816282.0,002420,1.56,0.1
2013-04-19,6.48,6.61,6.64,6.47,40287.0,26524466.0,002420,1.38,0.09
2013-04-22,6.54,6.44,6.58,6.39,36603.0,23649814.0,002420,-2.57,-0.17
2013-04-23,6.4,6.2,6.45,6.18,26289.0,16519289.0,002420,-3.73,-0.24
2013-04-24,6.28,6.36,6.36,6.22,18221.0,11467137.0,002420,2.58,0.16
2013-04-25,6.32,6.05,6.32,6.05,32890.0,20243076.0,002420,-4.87,-0.31
2013-04-26,6.05,5.89,6.09,5.86,17255.0,10293346.0,002420,-2.64,-0.16
2013-05-02,5.88,5.91,5.98,5.86,10244.0,6069770.0,002420,0.34,0.02
2013-05-03,5.96,6.02,6.08,5.93,14156.0,8538336.0,002420,1.86,0.11
2013-05-06,6.02,6.14,6.18,6.02,15399.0,9395903.0,002420,1.99,0.12
2013-05-07,6.15,6.21,6.23,6.08,15927.0,9795957.0,002420,1.14,0.07
2013-05-08,6.21,6.25,6.27,6.15,22014.0,13678123.0,002420,0.64,0.04
2013-05-09,6.31,6.55,6.66,6.3,81371.0,53209252.0,002420,4.8,0.3
2013-05-10,6.46,6.52,6.64,6.42,43581.0,28415880.0,002420,-0.46,-0.03
2013-05-13,6.51,6.44,6.61,6.41,20132.0,12991706.0,002420,-1.23,-0.08
2013-05-14,6.41,6.21,6.41,6.14,30710.0,19167398.0,002420,-3.57,-0.23
2013-05-15,6.17,6.45,6.52,6.15,32093.0,20572494.0,002420,3.86,0.24
2013-05-16,6.45,6.48,6.61,6.3,57053.0,37072608.0,002420,0.47,0.03
2013-05-17,6.45,6.56,6.58,6.4,38177.0,24847246.0,002420,1.23,0.08
2013-05-20,6.58,6.94,7.05,6.5,98998.0,66871664.0,002420,5.79,0.38
2013-05-21,6.88,7.0,7.03,6.79,84406.0,58351932.0,002420,0.86,0.06
2013-05-22,7.0,6.92,7.04,6.84,45441.0,31465616.0,002420,-1.14,-0.08
2013-05-23,6.85,7.01,7.2,6.77,76235.0,53831936.0,002420,1.3,0.09
2013-05-24,6.95,7.23,7.25,6.95,68289.0,48809904.0,002420,3.14,0.22
2013-05-27,7.23,7.16,7.27,7.1,50698.0,36281064.0,002420,-0.97,-0.07
2013-05-28,7.13,6.95,7.14,6.87,52353.0,36435048.0,002420,-2.93,-0.21
2013-05-29,6.98,7.02,7.04,6.93,35109.0,24550178.0,002420,1.01,0.07
2013-05-30,6.98,6.81,7.05,6.81,41612.0,28595642.0,002420,-2.99,-0.21
2013-05-31,6.81,6.72,6.9,6.7,35194.0,23959988.0,002420,-1.32,-0.09
2013-06-03,6.72,6.77,6.79,6.7,25205.0,17002288.0,002420,0.74,0.05
2013-06-04,6.77,6.46,6.77,6.33,33032.0,21559988.0,002420,-4.58,-0.31
2013-06-05,6.77,7.11,7.11,6.75,60213.0,42256804.0,002420,10.06,0.65
2013-06-06,7.3,7.33,7.6,7.18,194559.0,144040944.0,002420,3.09,0.22
2013-06-07,7.2,7.71,7.95,7.14,204033.0,156549344.0,002420,5.18,0.38
2013-06-13,7.4,7.44,7.48,6.94,117761.0,85187496.0,002420,-3.5,-0.27
2013-06-14,7.45,7.75,7.8,7.19,128232.0,96327200.0,002420,4.17,0.31
2013-06-17,7.65,7.45,7.98,7.43,121919.0,93708328.0,002420,-3.87,-0.3
2013-06-18,7.31,7.12,7.36,7.0,101086.0,72405448.0,002420,-4.43,-0.33
2013-06-19,7.0,7.15,7.23,6.85,61422.0,43383256.0,002420,0.42,0.03
2013-06-20,7.06,6.73,7.12,6.62,57841.0,39820140.0,002420,-5.87,-0.42
2013-06-21,6.5,6.6,6.68,6.46,33040.0,21781110.0,002420,-1.93,-0.13
2013-06-24,6.52,5.94,6.6,5.94,66406.0,40536268.0,002420,-10.0,-0.66
2013-06-25,5.83,5.77,5.88,5.35,60152.0,33658960.0,002420,-2.86,-0.17
2013-06-26,5.75,5.82,5.86,5.58,50713.0,29050956.0,002420,0.87,0.05
2013-06-27,5.78,5.87,6.25,5.77,63789.0,38062440.0,002420,0.86,0.05
2013-06-28,5.79,5.69,5.98,5.58,32235.0,18580704.0,002420,-3.07,-0.18
2013-07-01,5.74,5.79,5.79,5.61,18382.0,10520893.0,002420,1.76,0.1
2013-07-02,5.79,5.93,5.98,5.74,35114.0,20687588.0,002420,2.42,0.14
2013-07-03,5.93,5.82,5.93,5.66,31803.0,18402920.0,002420,-1.85,-0.11
2013-07-04,5.79,5.83,5.92,5.72,28678.0,16779654.0,002420,0.17,0.01
2013-07-05,5.81,6.01,6.01,5.81,40561.0,23988876.0,002420,3.09,0.18
2013-07-08,6.02,5.59,6.03,5.53,25145.0,14552869.0,002420,-6.99,-0.42
2013-07-09,5.55,5.59,5.65,5.49,14406.0,8014360.0,002420,0.0,0.0
2013-07-10,5.59,5.75,5.77,5.56,18150.0,10348097.0,002420,2.86,0.16
2013-07-11,5.75,5.95,6.06,5.71,39250.0,23328562.0,002420,3.48,0.2
2013-07-12,5.93,5.86,6.06,5.82,31081.0,18465294.0,002420,-1.51,-0.09
2013-07-15,5.69,5.8,5.85,5.68,50634.0,29097680.0,002420,-1.02,-0.06
2013-07-16,5.75,6.02,6.03,5.75,50441.0,29809518.0,002420,3.79,0.22
2013-07-17,5.99,6.0,6.09,5.9,45570.0,27401014.0,002420,-0.33,-0.02
2013-07-18,5.98,6.09,6.29,5.89,65913.0,40302516.0,002420,1.5,0.09
2013-07-19,6.03,6.2,6.4,6.03,93085.0,57853860.0,002420,1.81,0.11
2013-07-22,6.12,6.48,6.58,6.12,77552.0,49921044.0,002420,4.52,0.28
2013-07-23,6.5,7.04,7.12,6.5,110008.0,75929152.0,002420,8.64,0.56
2013-07-24,7.0,6.98,7.12,6.8,66175.0,45975428.0,002420,-0.85,-0.06
2013-07-25,7.04,6.79,7.04,6.59,54058.0,36663344.0,002420,-2.72,-0.19
2013-07-26,6.75,6.9,7.02,6.66,37710.0,25943528.0,002420,1.62,0.11
2013-07-29,6.88,6.89,7.01,6.75,30419.0,20969934.0,002420,-0.14,-0.01
2013-07-30,6.97,6.91,7.11,6.67,45163.0,31217684.0,002420,0.29,0.02
2013-07-31,6.82,7.19,7.38,6.81,97183.0,69815024.0,002420,4.05,0.28
2013-08-01,7.09,7.18,7.5,7.05,120994.0,87926808.0,002420,-0.14,-0.01
2013-08-02,7.0,6.86,7.34,6.77,121675.0,85073448.0,002420,-4.46,-0.32
2013-08-05,6.89,6.91,7.03,6.8,70969.0,48930076.0,002420,0.73,0.05
2013-08-06,6.86,6.8,6.88,6.56,90771.0,60796132.0,002420,-1.59,-0.11
2013-08-07,6.76,6.62,6.8,6.6,49187.0,32839168.0,002420,-2.65,-0.18
2013-08-08,6.6,6.74,6.77,6.6,48832.0,32719120.0,002420,1.81,0.12
2013-08-09,6.77,6.72,6.77,6.59,40592.0,27139082.0,002420,-0.3,-0.02
2013-08-12,6.75,6.92,6.94,6.62,77893.0,53589828.0,002420,2.98,0.2
2013-08-13,6.9,6.91,6.95,6.83,34858.0,24022066.0,002420,-0.14,-0.01
2013-08-14,6.91,6.73,6.95,6.69,47720.0,32449100.0,002420,-2.6,-0.18
2013-08-15,6.7,6.73,6.83,6.65,25412.0,17190950.0,002420,0.0,0.0
2013-08-16,6.74,6.39,6.76,6.38,37706.0,24902020.0,002420,-5.05,-0.34
2013-08-19,6.31,6.39,6.43,6.28,21088.0,13407241.0,002420,0.0,0.0
2013-08-20,6.35,6.4,6.45,6.33,20408.0,13044701.0,002420,0.16,0.01
2013-08-21,6.4,6.41,6.41,6.32,14298.0,9106474.0,002420,0.16,0.01
2013-08-22,6.42,6.48,6.5,6.41,14092.0,9101365.0,002420,1.09,0.07
2013-08-23,6.44,6.23,6.48,6.11,26631.0,16730113.0,002420,-3.86,-0.25
2013-08-26,6.25,6.35,6.36,6.23,17012.0,10727644.0,002420,1.93,0.12
2013-08-27,6.34,6.42,6.42,6.33,16199.0,10338403.0,002420,1.1,0.07
2013-08-28,6.38,6.65,6.67,6.27,28221.0,18074630.0,002420,3.58,0.23
2013-08-29,6.6,6.53,6.61,6.48,31061.0,20396732.0,002420,-1.8,-0.12
2013-08-30,6.53,6.26,6.54,6.26,28217.0,17930024.0,002420,-4.13,-0.27
2013-09-02,6.27,6.31,6.37,6.23,19721.0,12419124.0,002420,0.8,0.05
2013-09-03,6.34,6.35,6.37,6.3,20185.0,12793730.0,002420,0.63,0.04
2013-09-04,6.35,6.34,6.4,6.31,12190.0,7739873.5,002420,-0.16,-0.01
2013-09-05,6.34,6.31,6.34,6.26,13246.0,8349327.0,002420,-0.47,-0.03
2013-09-06,6.3,6.42,6.46,6.25,29350.0,18698580.0,002420,1.74,0.11
2013-09-09,6.43,6.49,6.5,6.38,19434.0,12524427.0,002420,1.09,0.07
2013-09-10,6.49,6.52,6.55,6.46,18379.0,11946247.0,002420,0.46,0.03
2013-09-11,6.54,6.49,6.56,6.41,19554.0,12661736.0,002420,-0.46,-0.03
2013-09-12,6.51,6.53,6.54,6.45,17627.0,11451971.0,002420,0.62,0.04
2013-09-13,6.53,6.42,6.54,6.35,26479.0,17018728.0,002420,-1.68,-0.11
2013-09-16,6.46,6.41,6.47,6.4,16158.0,10408489.0,002420,-0.16,-0.01
2013-09-17,6.44,6.17,6.46,6.14,23332.0,14646166.0,002420,-3.74,-0.24
2013-09-18,6.14,6.04,6.24,6.01,38452.0,23295626.0,002420,-2.11,-0.13
2013-09-23,6.05,6.08,6.1,6.0,38251.0,23140022.0,002420,0.66,0.04
2013-09-24,6.09,6.02,6.09,5.98,26184.0,15763362.0,002420,-0.99,-0.06
2013-09-25,6.04,6.01,6.04,5.98,19775.0,11877762.0,002420,-0.17,-0.01
2013-09-26,6.0,5.81,6.0,5.81,20748.0,12276636.0,002420,-3.33,-0.2
2013-09-27,5.82,5.87,5.91,5.82,15371.0,9027500.0,002420,1.03,0.06
2013-09-30,5.87,5.93,5.95,5.87,10231.0,6053059.5,002420,1.02,0.06
2013-10-08,5.93,6.01,6.02,5.9,14857.0,8875260.0,002420,1.35,0.08
2013-10-09,6.0,6.1,6.1,5.99,21308.0,12896015.0,002420,1.5,0.09
2013-10-10,6.11,6.03,6.11,6.02,18641.0,11287855.0,002420,-1.15,-0.07
2013-10-11,6.05,6.07,6.13,6.03,28977.0,17621764.0,002420,0.66,0.04
2013-10-14,6.12,6.08,6.14,6.05,28796.0,17506150.0,002420,0.16,0.01
2013-10-15,6.07,6.02,6.08,5.97,26705.0,16058635.0,002420,-0.99,-0.06
2013-10-16,6.0,5.88,6.02,5.86,15311.0,9078329.0,002420,-2.33,-0.14
2013-10-17,5.9,5.93,6.03,5.9,19147.0,11408914.0,002420,0.85,0.05
2013-10-18,5.95,5.99,6.0,5.9,13766.0,8221663.5,002420,1.01,0.06
2013-10-21,6.0,6.13,6.22,5.95,44098.0,26909630.0,002420,2.34,0.14
2013-10-22,6.14,6.08,6.15,6.05,20272.0,12346424.0,002420,-0.82,-0.05
2013-10-23,6.09,6.03,6.16,6.0,21037.0,12786550.0,002420,-0.82,-0.05
2013-10-24,6.04,5.95,6.06,5.91,10405.0,6211077.5,002420,-1.33,-0.08
2013-10-25,6.02,6.01,6.02,5.92,12557.0,7495687.5,002420,1.01,0.06
2013-10-28,6.01,5.82,6.01,5.81,13054.0,7673971.0,002420,-3.16,-0.19
2013-10-29,5.82,5.51,5.87,5.42,19812.0,11099670.0,002420,-5.33,-0.31
2013-10-30,5.55,5.56,5.57,5.44,11916.0,6578053.0,002420,0.91,0.05
2013-10-31,5.56,5.63,5.63,5.51,14373.0,8056842.0,002420,1.26,0.07
2013-11-01,5.62,5.6,5.65,5.54,9806.0,5482933.0,002420,-0.53,-0.03
2013-11-04,5.67,5.72,5.79,5.6,10555.0,6004400.0,002420,2.14,0.12
2013-11-05,5.74,5.73,5.78,5.67,5691.0,3255397.75,002420,0.17,0.01
2013-11-06,5.73,5.65,5.73,5.65,8052.0,4581615.5,002420,-1.4,-0.08
2013-11-07,5.69,5.52,5.69,5.51,6645.0,3712106.5,002420,-2.3,-0.13
2013-11-08,5.5,5.52,5.6,5.46,5677.0,3137608.5,002420,0.0,0.0
2013-11-11,5.5,5.59,5.64,5.5,8557.0,4769867.5,002420,1.27,0.07
2013-11-12,5.59,5.63,5.67,5.56,6871.0,3872267.5,002420,0.72,0.04
2013-11-13,5.68,5.59,5.69,5.57,5333.0,2994383.5,002420,-0.71,-0.04
2013-11-14,5.62,5.54,5.62,5.47,11756.0,6499032.0,002420,-0.89,-0.05
2013-11-15,5.53,5.68,5.71,5.53,17095.0,9651168.0,002420,2.53,0.14
2013-11-18,5.7,6.24,6.25,5.65,107608.0,65724632.0,002420,9.86,0.56
2013-11-19,6.15,6.04,6.18,5.98,70142.0,42523056.0,002420,-3.21,-0.2
2013-11-20,5.99,6.1,6.22,5.94,44050.0,26811860.0,002420,0.99,0.06
2013-11-21,6.05,6.08,6.11,6.02,20878.0,12676499.0,002420,-0.33,-0.02
2013-11-22,6.08,5.96,6.13,5.95,17984.0,10816054.0,002420,-1.97,-0.12
2013-11-25,5.96,6.0,6.07,5.9,11344.0,6811253.5,002420,0.67,0.04
2013-11-26,6.0,6.02,6.1,6.0,14791.0,8954963.0,002420,0.33,0.02
2013-11-27,6.02,6.06,6.1,6.0,16998.0,10319518.0,002420,0.66,0.04
2013-11-28,6.07,6.06,6.15,6.05,20708.0,12648655.0,002420,0.0,0.0
2013-11-29,6.04,6.03,6.11,6.03,21284.0,12903211.0,002420,-0.5,-0.03
2013-12-02,5.99,5.56,5.99,5.53,29161.0,16774368.0,002420,-7.79,-0.47
2013-12-03,5.56,5.7,5.7,5.56,14859.0,8382523.0,002420,2.52,0.14
2013-12-04,5.7,5.83,5.86,5.66,20402.0,11800591.0,002420,2.28,0.13
2013-12-05,5.9,5.85,5.9,5.75,17731.0,10341363.0,002420,0.34,0.02
2013-12-06,5.85,5.9,6.06,5.8,21146.0,12499071.0,002420,0.85,0.05
2013-12-09,5.9,5.92,5.94,5.85,14383.0,8479298.0,002420,0.34,0.02
2013-12-10,5.88,6.21,6.41,5.83,116963.0,72721232.0,002420,4.9,0.29
2013-12-11,6.22,6.12,6.22,6.07,24190.0,14797928.0,002420,-1.45,-0.09
2013-12-12,6.15,6.12,6.18,6.08,11643.0,7129945.5,002420,0.0,0.0
2013-12-13,6.08,6.26,6.4,6.05,58815.0,36852896.0,002420,2.29,0.14
2013-12-16,6.26,6.07,6.28,6.04,32741.0,20063500.0,002420,-3.04,-0.19
2013-12-17,6.05,6.1,6.36,5.93,56519.0,34698344.0,002420,0.49,0.03
2013-12-18,6.09,6.16,6.4,6.04,68756.0,42859560.0,002420,0.98,0.06
2013-12-19,6.18,6.06,6.29,6.0,37018.0,22630920.0,002420,-1.62,-0.1
2013-12-20,6.01,5.98,6.06,5.87,24997.0,14883243.0,002420,-1.32,-0.08
2013-12-23,6.02,5.85,6.03,5.64,23406.0,13643902.0,002420,-2.17,-0.13
2013-12-24,5.8,5.84,5.94,5.8,16788.0,9834589.0,002420,-0.17,-0.01
2013-12-25,5.82,5.88,5.91,5.81,9702.0,5682306.5,002420,0.68,0.04
2013-12-26,5.88,5.73,5.89,5.72,15464.0,8986238.0,002420,-2.55,-0.15
2013-12-27,5.78,5.92,6.01,5.73,25754.0,15206253.0,002420,3.32,0.19
2013-12-30,5.99,5.91,5.99,5.88,15625.0,9254028.0,002420,-0.17,-0.01
2013-12-31,5.89,5.9,5.96,5.86,10520.0,6223395.5,002420,-0.17,-0.01
2014-01-02,5.9,5.96,5.99,5.88,11859.0,7057410.0,002420,1.02,0.06
2014-01-03,5.95,6.0,6.09,5.9,25384.0,15267740.0,002420,0.67,0.04
2014-01-06,6.04,5.72,6.04,5.7,21434.0,12489927.0,002420,-4.67,-0.28
2014-01-07,5.7,5.74,5.8,5.66,9291.0,5344587.5,002420,0.35,0.02
2014-01-08,5.79,5.73,5.79,5.68,12646.0,7247053.0,002420,-0.17,-0.01
2014-01-09,5.69,5.67,5.84,5.62,14786.0,8526803.0,002420,-1.05,-0.06
2014-01-10,5.66,5.62,5.74,5.62,7985.0,4518901.5,002420,-0.88,-0.05
2014-01-13,5.62,5.59,5.68,5.55,7857.0,4397742.5,002420,-0.53,-0.03
2014-01-14,5.59,5.69,5.69,5.4,9479.0,5317716.5,002420,1.79,0.1
2014-01-15,5.69,5.72,5.83,5.67,10317.0,5927333.5,002420,0.53,0.03
2014-01-16,5.73,5.71,5.77,5.68,7062.0,4048275.5,002420,-0.17,-0.01
2014-01-17,5.68,5.6,5.73,5.55,12527.0,7007271.5,002420,-1.93,-0.11
2014-01-20,5.6,5.45,5.6,5.45,11277.0,6212266.0,002420,-2.68,-0.15
2014-01-21,5.48,5.54,5.56,5.45,8208.0,4539609.5,002420,1.65,0.09
2014-01-22,5.54,5.78,5.83,5.52,17173.0,9856260.0,002420,4.33,0.24
2014-01-23,5.78,5.74,5.81,5.71,14332.0,8246258.5,002420,-0.69,-0.04
2014-01-24,5.71,5.74,5.79,5.71,11625.0,6698421.5,002420,0.0,0.0
2014-01-27,5.7,5.73,5.79,5.7,13886.0,7987138.5,002420,-0.17,-0.01
2014-01-28,5.74,5.73,5.78,5.7,12074.0,6932283.5,002420,0.0,0.0
2014-01-29,5.71,5.76,5.78,5.7,10469.0,6010070.0,002420,0.52,0.03
2014-01-30,5.73,5.75,5.83,5.73,8167.0,4720115.0,002420,-0.17,-0.01
2014-02-07,5.72,5.82,5.82,5.7,14781.0,8534505.0,002420,1.22,0.07
2014-02-10,5.84,5.94,5.94,5.8,22680.0,13351601.0,002420,2.06,0.12
2014-02-11,5.94,5.92,6.0,5.89,22674.0,13434704.0,002420,-0.34,-0.02
2014-02-12,5.92,5.97,5.97,5.88,26001.0,15405235.0,002420,0.84,0.05
2014-02-13,5.97,5.86,5.98,5.83,28378.0,16785236.0,002420,-1.84,-0.11
2014-02-14,5.86,5.99,6.0,5.85,29978.0,17793710.0,002420,2.22,0.13
2014-02-17,6.02,6.11,6.18,5.97,62711.0,38049756.0,002420,2.0,0.12
2014-02-18,6.11,6.05,6.12,6.0,53536.0,32430106.0,002420,-0.98,-0.06
2014-02-19,6.03,6.04,6.09,5.99,36745.0,22194164.0,002420,-0.17,-0.01
2014-02-20,6.04,5.93,6.05,5.9,42573.0,25483066.0,002420,-1.82,-0.11
2014-02-21,5.93,5.93,5.97,5.89,15522.0,9201229.0,002420,0.0,0.0
2014-02-24,5.93,5.9,5.93,5.84,14354.0,8444689.0,002420,-0.51,-0.03
2014-02-25,5.89,5.72,5.99,5.69,34187.0,20118220.0,002420,-3.05,-0.18
2014-02-26,5.73,5.68,5.73,5.6,23109.0,13058645.0,002420,-0.7,-0.04
2014-02-27,5.68,5.59,5.74,5.58,19606.0,11140732.0,002420,-1.58,-0.09
2014-02-28,5.59,5.68,5.69,5.55,11644.0,6552241.0,002420,1.61,0.09
2014-03-03,5.68,5.75,5.83,5.67,20218.0,11653619.0,002420,1.23,0.07
2014-03-04,5.75,5.85,5.86,5.73,21492.0,12509241.0,002420,1.74,0.1
2014-03-05,5.85,5.78,5.85,5.76,13397.0,7760927.5,002420,-1.2,-0.07
2014-03-06,5.78,5.79,5.8,5.72,15207.0,8751561.0,002420,0.17,0.01
2014-03-07,5.8,5.73,5.81,5.73,12201.0,7041519.0,002420,-1.04,-0.06
2014-03-10,5.72,5.59,5.73,5.57,16464.0,9285756.0,002420,-2.44,-0.14
2014-03-11,5.59,5.6,5.64,5.54,11142.0,6224689.5,002420,0.18,0.01
2014-03-12,5.61,5.59,5.62,5.48,13752.0,7648272.0,002420,-0.18,-0.01
2014-03-13,5.59,5.64,5.64,5.55,8653.0,4854640.0,002420,0.89,0.05
2014-03-14,5.65,5.64,5.67,5.57,10002.0,5624389.0,002420,0.0,0.0
2014-03-17,5.61,5.71,5.71,5.57,14526.0,8220065.0,002420,1.24,0.07
2014-03-18,5.7,5.7,5.72,5.68,11681.0,6656884.0,002420,-0.18,-0.01
2014-03-19,5.7,5.74,5.77,5.55,32223.0,18181902.0,002420,0.7,0.04
2014-03-20,5.76,5.6,5.77,5.6,29655.0,16903332.0,002420,-2.44,-0.14
2014-03-21,5.59,5.66,5.68,5.54,28952.0,16210953.0,002420,1.07,0.06
2014-03-24,5.67,5.69,5.74,5.64,33084.0,18794386.0,002420,0.53,0.03
2014-03-25,5.69,5.69,5.72,5.65,27190.0,15458984.0,002420,0.0,0.0
2014-03-26,5.65,5.66,5.7,5.63,21294.0,12055429.0,002420,-0.53,-0.03
2014-03-27,5.65,5.56,5.68,5.56,18525.0,10394819.0,002420,-1.77,-0.1
2014-03-28,5.58,5.52,5.59,5.51,15616.0,8660960.0,002420,-0.72,-0.04
2014-03-31,5.51,5.51,5.55,5.45,15397.0,8453469.0,002420,-0.18,-0.01
2014-04-01,5.49,5.56,5.57,5.49,14728.0,8168946.5,002420,0.91,0.05
2014-04-02,5.57,5.56,5.58,5.54,10991.0,6111793.5,002420,0.0,0.0
2014-04-03,5.57,5.57,5.6,5.54,10955.0,6102221.0,002420,0.18,0.01
2014-04-04,5.58,5.6,5.61,5.55,8035.0,4490216.5,002420,0.54,0.03
2014-04-08,5.58,5.62,5.63,5.57,12399.0,6950587.0,002420,0.36,0.02
2014-04-09,5.61,5.62,5.66,5.6,14858.0,8363759.5,002420,0.0,0.0
2014-04-10,5.62,5.63,5.68,5.61,15280.0,8631022.0,002420,0.18,0.01
2014-04-11,5.63,5.71,5.76,5.62,43685.0,24968258.0,002420,1.42,0.08
2014-04-14,5.71,5.7,5.74,5.65,19401.0,11024436.0,002420,-0.18,-0.01
2014-04-15,5.71,5.62,5.71,5.59,20542.0,11573282.0,002420,-1.4,-0.08
2014-04-16,5.6,5.62,5.64,5.58,14816.0,8307129.5,002420,0.0,0.0
2014-04-17,5.66,5.63,5.66,5.59,10442.0,5892163.5,002420,0.18,0.01
2014-04-18,5.62,5.68,5.68,5.6,14168.0,7999020.5,002420,0.89,0.05
2014-04-21,5.65,5.55,5.67,5.55,13059.0,7334348.5,002420,-2.29,-0.13
2014-04-22,5.53,5.55,5.59,5.48,10321.0,5706147.0,002420,0.0,0.0
2014-04-23,5.53,5.56,5.59,5.51,8615.0,4795018.5,002420,0.18,0.01
2014-04-24,5.55,5.51,5.59,5.51,6585.0,3657221.5,002420,-0.9,-0.05
2014-04-25,5.52,5.32,5.53,5.32,16543.0,8990636.0,002420,-3.45,-0.19
2014-04-28,5.32,5.07,5.32,5.07,19910.0,10248716.0,002420,-4.7,-0.25
2014-04-29,5.07,5.05,5.1,4.98,24504.0,12315865.0,002420,-0.39,-0.02
2014-04-30,5.05,5.04,5.11,5.0,23815.0,11992514.0,002420,-0.2,-0.01
2014-05-05,5.03,5.08,5.1,5.02,23108.0,11702302.0,002420,0.79,0.04
2014-05-06,5.09,5.1,5.17,5.06,26296.0,13402513.0,002420,0.39,0.02
2014-05-07,5.1,4.93,5.1,4.9,29991.0,14965405.0,002420,-3.33,-0.17
2014-05-08,4.9,4.92,5.0,4.85,28401.0,14003870.0,002420,-0.2,-0.01
2014-05-09,4.94,4.88,4.98,4.83,24481.0,11958024.0,002420,-0.81,-0.04
2014-05-12,4.88,5.0,5.02,4.88,23840.0,11840661.0,002420,2.46,0.12
2014-05-13,5.03,5.06,5.1,4.99,23851.0,12025705.0,002420,1.2,0.06
2014-05-14,5.05,5.03,5.07,5.02,12128.0,6120313.5,002420,-0.59,-0.03
2014-05-15,5.02,4.9,5.05,4.88,14558.0,7237560.5,002420,-2.58,-0.13
2014-05-16,4.88,4.94,4.97,4.86,9021.0,4454613.5,002420,0.82,0.04
2014-05-19,4.9,5.01,5.01,4.88,16863.0,8365845.5,002420,1.42,0.07
2014-05-20,5.01,5.0,5.06,4.99,12879.0,6474160.0,002420,-0.2,-0.01
2014-05-21,5.01,5.03,5.05,4.99,11464.0,5754040.5,002420,0.6,0.03
2014-05-22,5.04,5.01,5.11,5.0,32064.0,16269746.0,002420,-0.4,-0.02
2014-05-23,5.0,5.04,5.04,4.98,10777.0,5399731.0,002420,0.6,0.03
2014-05-26,5.04,5.08,5.09,5.03,11592.0,5870578.0,002420,0.79,0.04
2014-05-27,5.09,5.05,5.09,5.04,9471.0,4798158.0,002420,-0.59,-0.03
2014-05-28,5.05,5.13,5.13,5.0,24830.0,12571576.0,002420,1.58,0.08
2014-05-29,5.12,5.03,5.12,5.03,12141.0,6147055.0,002420,-1.95,-0.1
2014-05-30,5.02,5.0,5.05,4.99,14482.0,7259379.0,002420,-0.6,-0.03
2014-06-03,5.06,5.03,5.06,5.0,14479.0,7280534.0,002420,0.6,0.03
2014-06-04,5.02,5.01,5.05,4.98,11114.0,5572583.0,002420,-0.4,-0.02
2014-06-05,5.01,5.06,5.07,5.0,10722.0,5407881.5,002420,1.0,0.05
2014-06-06,5.04,5.12,5.14,5.04,31999.0,16338711.0,002420,1.19,0.06
2014-06-09,5.12,5.1,5.16,5.08,13497.0,6917818.0,002420,-0.39,-0.02
2014-06-10,5.1,5.19,5.2,5.09,26572.0,13699804.0,002420,1.76,0.09
2014-06-11,5.19,5.21,5.22,5.15,14512.0,7522702.0,002420,0.39,0.02
2014-06-12,5.19,5.18,5.2,5.15,12716.0,6579645.0,002420,-0.58,-0.03
2014-06-13,5.16,5.27,5.4,5.14,41155.0,21818914.0,002420,1.74,0.09
2014-06-16,5.25,5.23,5.29,5.18,24097.0,12545715.0,002420,-0.76,-0.04
2014-06-17,5.2,5.17,5.21,5.16,12455.0,6444112.0,002420,-1.15,-0.06
2014-06-18,5.17,5.13,5.17,5.12,12335.0,6341697.5,002420,-0.77,-0.04
2014-06-19,5.13,5.0,5.15,4.95,14164.0,7189823.0,002420,-2.53,-0.13
2014-06-20,5.0,5.04,5.05,4.99,12146.0,6087430.5,002420,0.8,0.04
2014-06-23,5.02,5.08,5.08,5.01,12470.0,6306601.0,002420,0.79,0.04
2014-06-24,5.04,5.1,5.1,5.04,10381.0,5280679.5,002420,0.39,0.02
2014-06-25,5.09,5.03,5.1,5.0,20680.0,10411287.0,002420,-1.37,-0.07
2014-06-26,5.03,5.08,5.1,5.02,24307.0,12313006.0,002420,0.99,0.05
2014-06-27,5.06,5.13,5.15,5.05,35967.0,18355348.0,002420,0.98,0.05
2014-06-30,5.13,5.16,5.16,5.11,19795.0,10166007.0,002420,0.58,0.03
2014-07-01,5.15,5.19,5.25,5.13,29627.0,15379234.0,002420,0.58,0.03
2014-07-02,5.17,5.23,5.28,5.17,24395.0,12755024.0,002420,0.77,0.04
2014-07-03,5.24,5.24,5.28,5.21,23390.0,12274455.0,002420,0.19,0.01
2014-07-04,5.24,5.38,5.56,5.21,89342.0,48014976.0,002420,2.67,0.14
2014-07-07,5.38,5.31,5.4,5.29,48534.0,25830728.0,002420,-1.3,-0.07
2014-07-08,5.29,5.33,5.38,5.26,27487.0,14625943.0,002420,0.38,0.02
2014-07-09,5.3,5.26,5.37,5.25,31539.0,16749812.0,002420,-1.31,-0.07
2014-07-10,5.24,5.29,5.32,5.23,17186.0,9076461.0,002420,0.57,0.03
2014-07-11,5.27,5.35,5.38,5.27,23478.0,12548698.0,002420,1.13,0.06
2014-07-14,5.34,5.41,5.43,5.32,33579.0,18065318.0,002420,1.12,0.06
2014-07-15,5.42,5.34,5.42,5.3,35287.0,18888832.0,002420,-1.29,-0.07
2014-07-16,5.34,5.34,5.38,5.3,18978.0,10141329.0,002420,0.0,0.0
2014-07-17,5.34,5.31,5.37,5.23,17203.0,9130406.0,002420,-0.56,-0.03
2014-07-18,5.31,5.35,5.36,5.27,16518.0,8801676.0,002420,0.75,0.04
2014-07-21,5.32,5.34,5.34,5.28,15609.0,8288522.5,002420,-0.19,-0.01
2014-07-22,5.33,5.41,5.41,5.31,30999.0,16678363.0,002420,1.31,0.07
2014-07-23,5.42,5.38,5.43,5.36,19779.0,10663644.0,002420,-0.55,-0.03
2014-07-24,5.36,5.41,5.41,5.33,21676.0,11645551.0,002420,0.56,0.03
2014-07-25,5.41,5.47,5.48,5.38,26330.0,14331729.0,002420,1.11,0.06
2014-07-28,5.46,5.54,5.76,5.45,83315.0,46873668.0,002420,1.28,0.07
2014-07-29,5.52,5.6,5.74,5.52,85040.0,48039468.0,002420,1.08,0.06
2014-07-30,5.58,5.66,5.69,5.53,64472.0,36294756.0,002420,1.07,0.06
2014-07-31,5.65,5.65,5.71,5.59,40766.0,22982418.0,002420,-0.18,-0.01
2014-08-01,5.62,5.58,5.68,5.54,45315.0,25480048.0,002420,-1.24,-0.07
2014-08-04,5.56,5.67,5.69,5.56,30097.0,17009876.0,002420,1.61,0.09
2014-08-05,5.68,5.68,5.72,5.61,23760.0,13428174.0,002420,0.18,0.01
2014-08-06,5.66,5.74,5.74,5.63,33686.0,19174104.0,002420,1.06,0.06
2014-08-07,5.73,5.66,5.77,5.65,35459.0,20205286.0,002420,-1.39,-0.08
2014-08-08,5.66,5.72,5.76,5.64,26255.0,14965565.0,002420,1.06,0.06
2014-08-11,5.72,5.74,5.81,5.72,26751.0,15381763.0,002420,0.35,0.02
2014-08-12,5.76,5.78,5.8,5.73,27217.0,15666531.0,002420,0.7,0.04
2014-08-13,5.75,5.72,5.78,5.65,29518.0,16839400.0,002420,-1.04,-0.06
2014-08-14,5.74,5.69,5.76,5.66,28942.0,16556275.0,002420,-0.52,-0.03
2014-08-15,5.68,5.74,5.77,5.65,33158.0,18955732.0,002420,0.88,0.05
2014-08-18,5.74,5.86,5.9,5.74,43221.0,25143148.0,002420,2.09,0.12
2014-08-19,5.9,5.86,5.91,5.78,33179.0,19386726.0,002420,0.0,0.0
2014-08-20,5.86,5.88,5.95,5.81,42770.0,25133836.0,002420,0.34,0.02
2014-08-21,5.88,5.98,5.98,5.83,40937.0,24131016.0,002420,1.7,0.1
2014-08-22,5.97,5.99,6.04,5.95,35204.0,21096814.0,002420,0.17,0.01
2014-08-25,6.01,6.04,6.16,5.99,52937.0,32146832.0,002420,0.83,0.05
2014-08-26,6.13,5.88,6.13,5.81,49739.0,29461554.0,002420,-2.65,-0.16
2014-08-27,5.84,5.97,5.98,5.84,35308.0,20961080.0,002420,1.53,0.09
2014-08-28,5.99,5.9,6.07,5.88,29861.0,17750220.0,002420,-1.17,-0.07
2014-08-29,5.9,5.92,5.98,5.85,23909.0,14164225.0,002420,0.34,0.02
2014-09-01,5.97,6.21,6.25,5.94,66394.0,40689668.0,002420,4.9,0.29
2014-09-02,6.25,6.28,6.37,6.19,62520.0,39215144.0,002420,1.13,0.07
2014-09-03,6.29,6.29,6.37,6.18,54666.0,34254680.0,002420,0.16,0.01
2014-09-04,6.29,6.36,6.42,6.27,40843.0,25936802.0,002420,1.11,0.07
2014-09-05,6.36,6.5,6.63,6.33,85076.0,55335288.0,002420,2.2,0.14
2014-09-09,6.49,6.42,6.56,6.37,70996.0,45700116.0,002420,-1.23,-0.08
2014-09-10,6.41,6.62,6.75,6.35,96972.0,63655988.0,002420,3.12,0.2
2014-09-11,6.68,6.46,6.73,6.41,102378.0,67293528.0,002420,-2.42,-0.16
2014-09-12,6.5,6.57,6.63,6.47,56795.0,37302584.0,002420,1.7,0.11
2014-09-15,6.57,6.78,6.87,6.53,104110.0,69935208.0,002420,3.2,0.21
2014-09-16,6.78,6.49,6.82,6.45,95509.0,63469516.0,002420,-4.28,-0.29
2014-09-17,6.48,6.57,6.57,6.41,43970.0,28570614.0,002420,1.23,0.08
2014-09-18,6.56,6.68,6.75,6.49,56420.0,37464972.0,002420,1.67,0.11
2014-09-19,6.63,6.84,6.88,6.62,68203.0,46290108.0,002420,2.4,0.16
2014-09-22,6.83,6.92,7.0,6.7,82541.0,56403072.0,002420,1.17,0.08
2014-09-23,6.9,7.08,7.12,6.84,71447.0,49821812.0,002420,2.31,0.16
2014-09-24,7.04,7.16,7.26,7.0,102702.0,73292144.0,002420,1.13,0.08
2014-09-25,7.16,7.09,7.24,7.06,58900.0,41964800.0,002420,-0.98,-0.07
2014-09-26,7.06,7.1,7.14,7.01,34043.0,24095706.0,002420,0.14,0.01
2014-09-29,7.09,7.12,7.15,6.97,63629.0,44967896.0,002420,0.28,0.02
2014-09-30,7.1,7.13,7.19,7.1,52351.0,37390160.0,002420,0.14,0.01
2014-10-08,7.1,7.38,7.58,7.06,158028.0,116216320.0,002420,3.51,0.25
2014-10-09,7.49,7.48,7.51,7.25,113888.0,83925360.0,002420,1.36,0.1
2014-10-10,7.38,7.9,8.08,7.35,268325.0,208352560.0,002420,5.61,0.42
2014-10-13,7.76,8.23,8.25,7.68,384845.0,305660160.0,002420,4.18,0.33
2014-10-14,8.05,7.68,8.27,7.58,376473.0,296793760.0,002420,-6.68,-0.55
2014-10-15,7.58,7.39,7.63,7.0,148809.0,110570648.0,002420,-3.78,-0.29
2014-10-16,7.3,7.22,7.49,7.21,90686.0,66827924.0,002420,-2.3,-0.17
2014-10-17,7.19,7.17,7.31,6.91,98561.0,70026648.0,002420,-0.69,-0.05
2014-10-20,7.14,7.24,7.24,7.08,37201.0,26709184.0,002420,0.98,0.07
2014-10-21,7.25,7.17,7.3,7.15,38980.0,28145878.0,002420,-0.97,-0.07
2014-10-22,7.17,6.87,7.44,6.86,139129.0,99122368.0,002420,-4.18,-0.3
2014-10-23,6.81,6.64,6.85,6.59,77419.0,51771260.0,002420,-3.35,-0.23
2014-10-24,6.64,6.66,6.74,6.63,35623.0,23788666.0,002420,0.3,0.02
2014-10-27,6.62,6.73,6.75,6.61,30507.0,20449700.0,002420,1.05,0.07
2014-10-28,6.76,6.97,6.98,6.75,57549.0,39709172.0,002420,3.57,0.24
2014-10-29,6.98,7.0,7.05,6.9,78717.0,54761988.0,002420,0.43,0.03
2014-10-30,7.09,7.07,7.22,7.05,78571.0,56016764.0,002420,1.0,0.07
2014-10-31,7.06,7.08,7.12,6.98,65220.0,45929216.0,002420,0.14,0.01
2014-11-03,7.1,7.27,7.33,7.08,82515.0,59542684.0,002420,2.68,0.19
2014-11-04,7.27,7.3,7.34,7.2,72095.0,52475312.0,002420,0.41,0.03
2014-11-05,7.3,7.31,7.34,7.21,39099.0,28389858.0,002420,0.14,0.01
2014-11-06,7.29,7.28,7.3,7.19,42520.0,30822580.0,002420,-0.41,-0.03
2014-11-07,7.29,7.23,7.34,7.21,56895.0,41445060.0,002420,-0.69,-0.05
2014-11-10,7.22,7.28,7.33,7.21,41260.0,29915042.0,002420,0.69,0.05
2014-11-11,7.3,6.88,7.32,6.8,95292.0,66874932.0,002420,-5.49,-0.4
2014-11-12,6.85,7.0,7.02,6.82,41256.0,28643860.0,002420,1.74,0.12
2014-11-13,7.0,6.81,7.0,6.75,39447.0,27096116.0,002420,-2.71,-0.19
2014-11-14,6.81,6.83,6.89,6.77,36346.0,24823078.0,002420,0.29,0.02
2014-11-17,6.83,6.97,6.99,6.8,36433.0,25242500.0,002420,2.05,0.14
2014-11-18,6.97,7.14,7.2,6.95,49267.0,34863496.0,002420,2.44,0.17
2014-11-19,7.14,7.13,7.17,7.06,37630.0,26758282.0,002420,-0.14,-0.01
2014-11-20,7.06,7.13,7.18,7.06,29746.0,21207180.0,002420,0.0,0.0
2014-11-21,7.08,7.2,7.25,7.07,56211.0,40392692.0,002420,0.98,0.07
2014-11-24,7.25,7.19,7.25,7.13,59740.0,42939000.0,002420,-0.14,-0.01
2014-11-25,7.19,7.27,7.27,7.17,67532.0,48806460.0,002420,1.11,0.08
2014-11-26,7.26,7.34,7.44,7.26,70549.0,51801580.0,002420,0.96,0.07
2014-11-27,7.37,7.4,7.52,7.35,78518.0,58366028.0,002420,0.82,0.06
2014-11-28,7.4,7.35,7.49,7.25,66803.0,49194560.0,002420,-0.68,-0.05
2014-12-01,7.33,7.25,7.33,7.18,67597.0,48949528.0,002420,-1.36,-0.1
2014-12-02,7.23,7.53,7.56,7.2,105031.0,77840680.0,002420,3.86,0.28
2014-12-03,7.5,7.64,7.75,7.45,94749.0,72036608.0,002420,1.46,0.11
2014-12-04,7.61,7.71,7.72,7.57,79356.0,60656712.0,002420,0.92,0.07
2014-12-05,7.69,7.5,7.69,7.21,151742.0,113784672.0,002420,-2.72,-0.21
2014-12-08,7.45,7.36,7.58,7.35,140774.0,105203136.0,002420,-1.87,-0.14
2014-12-09,7.36,6.95,7.39,6.92,87546.0,62915240.0,002420,-5.57,-0.41
2014-12-10,6.9,7.31,7.41,6.86,125095.0,90943064.0,002420,5.18,0.36
2014-12-11,7.31,7.45,7.57,7.21,122044.0,90682984.0,002420,1.92,0.14
2014-12-12,7.4,7.47,7.52,7.38,86746.0,64650132.0,002420,0.27,0.02
2014-12-15,7.43,7.4,7.46,7.3,97622.0,72054536.0,002420,-0.94,-0.07
2014-12-16,7.4,7.34,7.41,7.29,60511.0,44421772.0,002420,-0.81,-0.06
2014-12-17,7.3,7.23,7.37,7.19,60117.0,43679140.0,002420,-1.5,-0.11
2014-12-18,7.21,7.11,7.28,7.11,52454.0,37809276.0,002420,-1.66,-0.12
2014-12-19,7.12,6.94,7.15,6.86,59460.0,41624524.0,002420,-2.39,-0.17
2014-12-22,6.88,6.5,6.93,6.41,53665.0,35609540.0,002420,-6.34,-0.44
2014-12-23,6.51,6.53,6.66,6.5,35081.0,23125356.0,002420,0.46,0.03
2014-12-24,6.58,6.71,6.71,6.54,45970.0,30558408.0,002420,2.76,0.18
2014-12-25,6.72,6.75,6.79,6.66,28435.0,19084844.0,002420,0.6,0.04
2014-12-26,6.72,6.72,6.82,6.68,30136.0,20300344.0,002420,-0.44,-0.03
2014-12-29,6.72,6.65,6.72,6.61,34186.0,22750734.0,002420,-1.04,-0.07
2014-12-30,6.66,6.6,6.79,6.52,31906.0,21352684.0,002420,-0.75,-0.05
2014-12-31,6.68,6.7,6.8,6.6,32428.0,21794150.0,002420,1.52,0.1
2015-01-05,6.7,6.77,6.81,6.64,40813.0,27524666.0,002420,1.04,0.07
2015-01-06,6.75,6.83,6.85,6.68,70602.0,47723784.0,002420,0.89,0.06
2015-01-07,6.82,6.8,6.82,6.73,38329.0,25965576.0,002420,-0.44,-0.03
2015-01-08,6.75,6.73,6.81,6.69,38016.0,25619370.0,002420,-1.03,-0.07
2015-01-09,6.73,6.67,6.75,6.65,33989.0,22835042.0,002420,-0.89,-0.06
2015-01-12,6.66,6.42,6.66,6.39,37452.0,24318618.0,002420,-3.75,-0.25
2015-01-13,6.42,6.46,6.52,6.38,37964.0,24464692.0,002420,0.62,0.04
2015-01-14,6.43,6.5,6.59,6.42,42066.0,27303474.0,002420,0.62,0.04
2015-01-15,6.51,6.51,6.53,6.47,25894.0,16840582.0,002420,0.15,0.01
2015-01-16,6.57,6.58,6.59,6.51,24319.0,15918791.0,002420,1.08,0.07
2015-01-19,6.49,6.33,6.58,6.27,52027.0,33601916.0,002420,-3.8,-0.25
2015-01-20,6.38,6.48,6.5,6.37,52013.0,33494228.0,002420,2.37,0.15
2015-01-21,6.5,6.64,6.65,6.48,76890.0,50621712.0,002420,2.47,0.16
2015-01-22,6.65,6.73,6.76,6.61,58670.0,39285812.0,002420,1.36,0.09
2015-01-23,6.74,6.69,6.78,6.63,72093.0,48293940.0,002420,-0.59,-0.04
2015-01-26,6.69,6.83,6.85,6.68,65295.0,44138340.0,002420,2.09,0.14
2015-01-27,6.88,6.9,6.94,6.76,92920.0,63782636.0,002420,1.02,0.07
2015-01-28,6.89,6.86,6.94,6.81,49044.0,33726468.0,002420,-0.58,-0.04
2015-01-29,6.85,6.86,6.95,6.8,43599.0,30031474.0,002420,0.0,0.0
2015-01-30,6.86,6.88,6.96,6.77,74236.0,51075760.0,002420,0.29,0.02
2015-02-02,6.82,7.0,7.0,6.81,98508.0,68066464.0,002420,1.74,0.12
2015-02-03,7.11,7.15,7.21,6.96,185814.0,131155920.0,002420,2.14,0.15
2015-02-04,7.11,7.14,7.15,7.01,120656.0,85339592.0,002420,-0.14,-0.01
2015-02-05,7.18,7.05,7.22,7.04,119522.0,85253584.0,002420,-1.26,-0.09
2015-02-06,7.04,6.76,7.04,6.67,105720.0,72197624.0,002420,-4.11,-0.29
2015-02-09,6.75,6.81,6.84,6.63,66694.0,44778088.0,002420,0.74,0.05
2015-02-10,6.75,6.86,6.91,6.75,43768.0,29877546.0,002420,0.73,0.05
2015-02-11,6.83,6.85,6.88,6.77,51942.0,35436960.0,002420,-0.15,-0.01
2015-02-12,6.87,7.07,7.11,6.81,118565.0,83277512.0,002420,3.21,0.22
2015-02-13,7.07,7.24,7.29,7.05,169758.0,122089216.0,002420,2.4,0.17
2015-02-16,7.22,7.48,7.52,7.18,266305.0,196427248.0,002420,3.31,0.24
2015-02-17,7.46,7.55,7.57,7.4,154274.0,115616096.0,002420,0.94,0.07
2015-02-25,7.57,7.44,7.62,7.42,109265.0,81884136.0,002420,-1.46,-0.11
2015-02-26,7.42,7.48,7.49,7.36,69901.0,51953700.0,002420,0.54,0.04
2015-02-27,7.5,7.6,7.65,7.49,96047.0,72932240.0,002420,1.6,0.12
2015-03-02,7.68,7.65,7.68,7.56,97213.0,73929800.0,002420,0.66,0.05
2015-03-03,7.61,7.48,7.62,7.46,106458.0,80175216.0,002420,-2.22,-0.17
2015-03-04,7.48,7.68,7.73,7.45,110223.0,83988216.0,002420,2.67,0.2
2015-03-05,7.65,7.75,7.84,7.61,122105.0,94097944.0,002420,0.91,0.07
2015-03-06,7.7,7.56,7.75,7.52,79811.0,60701260.0,002420,-2.45,-0.19
2015-03-09,7.5,7.64,7.65,7.37,65607.0,49530436.0,002420,1.06,0.08
2015-03-10,7.63,7.75,7.82,7.59,85329.0,66058352.0,002420,1.44,0.11
2015-03-11,7.72,7.91,7.96,7.66,111632.0,87137360.0,002420,2.06,0.16
2015-03-12,7.91,7.81,7.99,7.76,83950.0,66155896.0,002420,-1.26,-0.1
2015-03-13,7.81,7.98,8.02,7.81,74698.0,59284868.0,002420,2.18,0.17
2015-03-16,8.05,8.13,8.17,7.95,98922.0,79940968.0,002420,1.88,0.15
2015-03-17,8.14,8.12,8.24,8.04,111049.0,90232952.0,002420,-0.12,-0.01
2015-03-18,8.14,8.29,8.3,8.07,111216.0,91011608.0,002420,2.09,0.17
2015-03-19,8.3,8.42,8.48,8.21,133899.0,112017744.0,002420,1.57,0.13
2015-03-20,8.38,8.38,8.54,8.32,100473.0,84487504.0,002420,-0.48,-0.04
2015-03-23,8.34,8.61,8.61,8.33,117531.0,99752032.0,002420,2.74,0.23
2015-03-24,8.7,8.51,8.79,8.19,164292.0,139983728.0,002420,-1.16,-0.1
2015-03-25,8.47,8.78,8.81,8.37,150566.0,129068448.0,002420,3.17,0.27
2015-03-26,8.69,8.77,8.95,8.61,137311.0,120508336.0,002420,-0.11,-0.01
2015-03-27,8.77,8.82,8.87,8.7,76082.0,66860324.0,002420,0.57,0.05
2015-03-30,8.82,9.02,9.1,8.81,105002.0,93960976.0,002420,2.27,0.2
2015-03-31,9.08,9.25,9.49,8.91,145855.0,133905240.0,002420,2.55,0.23
2015-04-01,9.27,9.42,9.5,9.27,112124.0,105421344.0,002420,1.84,0.17
2015-04-02,9.35,9.78,9.85,9.24,217846.0,209138832.0,002420,3.82,0.36
2015-04-03,9.72,10.08,10.15,9.61,181075.0,179684000.0,002420,3.07,0.3
2015-04-07,10.1,10.25,10.38,10.0,191173.0,195029184.0,002420,1.69,0.17
2015-04-08,10.23,9.89,10.3,9.63,206244.0,205430560.0,002420,-3.51,-0.36
2015-04-09,9.83,9.51,9.83,9.2,207332.0,196178128.0,002420,-3.84,-0.38
2015-04-10,9.48,9.8,9.88,9.42,125692.0,121886440.0,002420,3.05,0.29
2015-04-13,9.79,10.01,10.05,9.71,137836.0,136528224.0,002420,2.14,0.21
2015-04-14,9.91,9.91,10.16,9.86,136642.0,136290096.0,002420,-1.0,-0.1
2015-04-15,9.8,9.47,9.85,9.42,120222.0,115733872.0,002420,-4.44,-0.44
2015-04-16,9.35,9.46,9.66,9.15,98297.0,92361208.0,002420,-0.11,-0.01
2015-04-17,9.46,9.51,9.65,9.44,118669.0,113135976.0,002420,0.53,0.05
2015-04-20,9.53,9.18,9.55,9.18,121469.0,113719784.0,002420,-3.47,-0.33
2015-04-21,9.18,9.53,9.55,9.16,86043.0,80819688.0,002420,3.81,0.35
2015-04-22,9.56,10.0,10.11,9.56,158161.0,156556912.0,002420,4.93,0.47
2015-04-23,10.15,10.04,10.17,9.86,154350.0,154703120.0,002420,0.4,0.04
2015-04-24,9.9,10.27,10.35,9.81,189357.0,191151920.0,002420,2.29,0.23
2015-04-27,10.29,10.64,10.65,10.28,201271.0,211612880.0,002420,3.6,0.37
2015-04-28,10.75,9.98,10.77,9.97,153464.0,157500592.0,002420,-6.2,-0.66
2015-04-29,9.87,10.06,10.13,9.87,105803.0,106207776.0,002420,0.8,0.08
2015-04-30,10.08,9.82,10.2,9.81,112144.0,112208656.0,002420,-2.39,-0.24
2015-05-04,9.8,10.0,10.0,9.67,100978.0,99291216.0,002420,1.83,0.18
2015-05-05,9.98,9.54,10.01,9.51,103884.0,100980328.0,002420,-4.6,-0.46
2015-05-06,9.58,9.2,9.78,9.2,96032.0,91734240.0,002420,-3.56,-0.34
2015-05-07,9.14,9.02,9.3,8.93,88292.0,80399152.0,002420,-1.96,-0.18
2015-05-08,9.18,9.37,9.38,9.13,66901.0,61746364.0,002420,3.88,0.35
2015-05-11,9.46,9.62,9.71,9.37,97808.0,93668248.0,002420,2.67,0.25
2015-05-12,9.65,9.79,9.85,9.56,120540.0,116809432.0,002420,1.77,0.17
2015-05-13,9.7,9.92,9.99,9.61,121034.0,119066824.0,002420,1.33,0.13
2015-05-14,9.87,10.1,10.2,9.87,142118.0,143169584.0,002420,1.81,0.18
2015-05-15,10.05,9.82,10.15,9.7,142798.0,141277312.0,002420,-2.77,-0.28
2015-05-18,9.79,10.27,10.35,9.63,221570.0,224214048.0,002420,4.58,0.45
2015-05-19,10.3,10.58,10.63,10.15,197430.0,204320320.0,002420,3.02,0.31
2015-05-20,10.69,10.72,11.25,10.69,216875.0,238831312.0,002420,1.32,0.14
2015-05-21,10.7,11.16,11.2,10.66,159364.0,175843248.0,002420,4.1,0.44
2015-05-22,11.26,11.43,11.84,11.22,193777.0,221888480.0,002420,2.42,0.27
2015-05-25,11.44,12.1,12.17,11.33,193053.0,228166928.0,002420,5.86,0.67
2015-05-26,11.95,12.25,12.28,11.85,227627.0,275061376.0,002420,1.24,0.15
2015-05-27,12.28,12.25,12.3,11.9,176386.0,213168352.0,002420,0.0,0.0
2015-05-28,12.15,11.65,13.23,11.62,242056.0,303292768.0,002420,-4.9,-0.6
2015-05-29,11.69,12.22,12.4,11.23,226558.0,269994464.0,002420,4.89,0.57
2015-06-01,12.3,13.3,13.31,12.3,201394.0,262095344.0,002420,8.84,1.08
2015-06-02,13.57,14.63,14.63,13.5,266373.0,375092832.0,002420,10.0,1.33
2015-06-03,14.8,14.43,15.55,14.0,257363.0,378414752.0,002420,-1.37,-0.2
2015-06-04,14.44,14.97,15.03,13.39,264084.0,383275584.0,002420,3.74,0.54
2015-06-05,15.0,14.86,15.3,14.44,249230.0,372904800.0,002420,-0.73,-0.11
2015-06-08,14.86,14.57,14.95,14.11,229980.0,333448864.0,002420,-1.95,-0.29
2015-06-09,14.48,15.89,16.03,14.22,315068.0,490067744.0,002420,9.06,1.32
2015-06-10,15.59,16.15,16.48,15.2,264763.0,424282592.0,002420,1.64,0.26
2015-06-11,15.95,17.53,17.74,15.85,258798.0,436037536.0,002420,8.54,1.38
2015-06-12,17.3,18.14,18.68,17.2,193612.0,349911008.0,002420,3.48,0.61
2015-06-15,17.77,17.1,18.0,17.05,202522.0,353305408.0,002420,-5.73,-1.04
2015-06-16,16.9,15.53,16.9,15.39,227862.0,366689632.0,002420,-9.18,-1.57
2015-06-17,15.6,16.28,16.42,15.57,174658.0,279078016.0,002420,4.83,0.75
2015-06-18,16.34,15.75,16.95,15.69,152335.0,248741808.0,002420,-3.26,-0.53
2015-06-19,15.48,14.18,15.5,14.18,140477.0,209605712.0,002420,-9.97,-1.57
2015-06-23,13.8,13.92,14.48,12.76,163384.0,222408272.0,002420,-1.83,-0.26
2015-06-24,14.15,14.27,14.55,13.66,156985.0,221849872.0,002420,2.51,0.35
2015-06-25,14.25,13.2,14.25,12.85,122881.0,169063920.0,002420,-7.5,-1.07
2015-06-26,12.8,11.88,12.8,11.88,135025.0,164499248.0,002420,-10.0,-1.32
2015-06-29,12.14,10.69,12.34,10.69,177494.0,198690352.0,002420,-10.02,-1.19
2015-06-30,10.54,11.29,11.55,9.62,216074.0,224719696.0,002420,5.61,0.6
2015-07-01,11.2,10.16,11.56,10.16,174934.0,192766048.0,002420,-10.01,-1.13
2015-07-02,10.1,9.14,10.3,9.14,184065.0,176286992.0,002420,-10.04,-1.02
2015-07-03,8.87,8.23,9.24,8.23,222542.0,189407808.0,002420,-9.96,-0.91
2015-07-06,9.05,7.74,9.05,7.46,227618.0,188272016.0,002420,-5.95,-0.49
2015-07-07,7.55,6.97,7.63,6.97,131508.0,94184032.0,002420,-9.95,-0.77
2015-07-08,6.27,6.89,7.12,6.27,320598.0,209853296.0,002420,-1.15,-0.08
2015-07-09,6.51,7.58,7.58,6.51,160823.0,118374200.0,002420,10.01,0.69
2015-07-10,8.05,8.34,8.34,8.01,85446.0,70681648.0,002420,10.03,0.76
2015-07-13,9.0,9.17,9.17,8.6,223605.0,203579456.0,002420,9.95,0.83
2015-07-14,9.25,9.4,9.97,9.11,309270.0,293490240.0,002420,2.51,0.23
2015-07-15,9.0,8.46,9.21,8.46,164657.0,144050400.0,002420,-10.0,-0.94
2015-07-16,8.46,8.81,9.06,7.85,149857.0,129184040.0,002420,4.14,0.35
2015-07-17,8.88,9.42,9.59,8.83,117839.0,109109304.0,002420,6.92,0.61
2015-07-20,9.43,9.49,9.8,9.28,134272.0,127691672.0,002420,0.74,0.07
2015-07-21,9.38,9.55,9.72,9.16,110317.0,104940384.0,002420,0.63,0.06
2015-07-22,9.4,10.03,10.03,9.37,157857.0,152975520.0,002420,5.03,0.48
2015-07-23,10.11,10.32,10.48,9.9,157997.0,161553776.0,002420,2.89,0.29
2015-07-24,10.28,9.9,10.45,9.8,166268.0,170033312.0,002420,-4.07,-0.42
2015-07-27,9.69,8.91,9.99,8.91,146644.0,138872848.0,002420,-10.0,-0.99
2015-07-28,8.32,8.48,9.08,8.02,140554.0,118392864.0,002420,-4.83,-0.43
2015-07-29,8.8,9.15,9.16,8.33,95799.0,83310056.0,002420,7.9,0.67
2015-07-30,9.1,8.79,9.35,8.77,89266.0,81205680.0,002420,-3.93,-0.36
2015-07-31,8.59,8.59,8.91,8.48,58775.0,51153008.0,002420,-2.28,-0.2
2015-08-03,8.63,8.24,8.9,8.03,86300.0,73389832.0,002420,-4.07,-0.35
2015-08-04,8.32,8.97,8.99,8.32,85112.0,73633544.0,002420,8.86,0.73
2015-08-05,8.85,8.87,9.18,8.77,93805.0,84138616.0,002420,-1.11,-0.1
2015-08-06,8.61,8.82,8.95,8.58,52255.0,45955248.0,002420,-0.56,-0.05
2015-08-07,8.85,9.43,9.49,8.85,119428.0,110033664.0,002420,6.92,0.61
2015-08-10,9.44,9.82,9.99,9.44,135057.0,131576424.0,002420,4.14,0.39
2015-08-11,9.88,9.8,10.03,9.71,118212.0,116328656.0,002420,-0.2,-0.02
2015-08-12,9.69,9.75,10.0,9.53,88913.0,87197928.0,002420,-0.51,-0.05
2015-08-13,9.62,10.28,10.29,9.62,139964.0,140167232.0,002420,5.44,0.53
2015-08-14,10.26,10.25,10.42,10.1,139913.0,143541920.0,002420,-0.29,-0.03
2015-08-17,10.17,10.65,10.65,10.16,129980.0,135460800.0,002420,3.9,0.4
2015-08-18,10.73,9.59,10.73,9.59,142749.0,144473264.0,002420,-9.95,-1.06
2015-08-19,9.15,9.72,9.81,8.72,134158.0,123783608.0,002420,1.36,0.13
2015-08-20,9.57,9.36,9.93,9.35,108949.0,104490080.0,002420,-3.7,-0.36
2015-08-21,9.08,8.56,9.24,8.56,102010.0,91256280.0,002420,-8.55,-0.8
2015-08-24,8.2,7.7,8.3,7.7,95962.0,75209832.0,002420,-10.05,-0.86
2015-08-25,7.01,6.93,7.24,6.93,99526.0,69797648.0,002420,-10.0,-0.77
2015-08-26,7.05,6.8,7.29,6.58,123172.0,85934696.0,002420,-1.88,-0.13
2015-08-27,6.93,7.18,7.18,6.75,85336.0,59889620.0,002420,5.59,0.38
2015-08-28,7.28,7.75,7.76,7.25,99804.0,74154304.0,002420,7.94,0.57
2015-08-31,7.72,7.36,7.72,7.31,72093.0,53940304.0,002420,-5.03,-0.39
2015-09-01,7.36,6.83,7.36,6.8,64037.0,44745492.0,002420,-7.2,-0.53
2015-09-02,6.55,6.66,7.12,6.42,56309.0,38278580.0,002420,-2.49,-0.17
2015-09-07,6.8,6.91,7.13,6.8,86035.0,60203756.0,002420,3.75,0.25
2015-09-08,6.91,7.3,7.32,6.8,57188.0,40405424.0,002420,5.64,0.39
2015-09-09,7.32,7.59,7.71,7.32,93282.0,70170368.0,002420,3.97,0.29
2015-09-10,7.48,7.37,7.56,7.3,54407.0,40515356.0,002420,-2.9,-0.22
2015-09-11,7.37,7.43,7.5,7.29,38924.0,28826106.0,002420,0.81,0.06
2015-09-14,7.53,6.72,7.54,6.69,77990.0,55029544.0,002420,-9.56,-0.71
2015-09-15,6.68,6.4,6.92,6.32,49674.0,33167506.0,002420,-4.76,-0.32
2015-09-16,6.57,7.02,7.04,6.48,54632.0,36841784.0,002420,9.69,0.62
2015-09-17,7.0,6.9,7.2,6.9,56859.0,40088640.0,002420,-1.71,-0.12
2015-09-18,6.91,7.02,7.09,6.85,38381.0,26763598.0,002420,1.74,0.12
2015-09-21,7.0,7.38,7.38,6.87,52545.0,37891356.0,002420,5.13,0.36
2015-09-22,7.4,7.42,7.49,7.27,44629.0,32926044.0,002420,0.54,0.04
2015-09-23,7.29,7.18,7.36,7.1,63221.0,45562080.0,002420,-3.23,-0.24
2015-09-24,7.2,7.36,7.4,7.2,47106.0,34530488.0,002420,2.51,0.18
2015-09-25,7.38,7.03,7.38,6.9,55347.0,39438208.0,002420,-4.48,-0.33
2015-09-28,7.03,7.2,7.23,6.9,32708.0,23113290.0,002420,2.42,0.17
2015-09-29,7.08,7.01,7.13,6.98,25741.0,18139000.0,002420,-2.64,-0.19
2015-09-30,7.21,7.13,7.39,7.08,38013.0,27382612.0,002420,1.71,0.12
2015-10-08,7.4,7.43,7.5,7.32,57331.0,42563284.0,002420,4.21,0.3
2015-10-09,7.43,7.68,7.69,7.35,80333.0,60720800.0,002420,3.36,0.25
2015-10-12,7.74,8.0,8.12,7.66,85455.0,67768344.0,002420,4.17,0.32
2015-10-13,7.9,8.12,8.16,7.85,76410.0,61001088.0,002420,1.5,0.12
2015-10-14,8.02,7.89,8.12,7.88,64131.0,51240144.0,002420,-2.83,-0.23
2015-10-15,7.84,8.23,8.24,7.83,71843.0,58076408.0,002420,4.31,0.34
2015-10-16,8.23,8.31,8.35,8.1,68395.0,56469652.0,002420,0.97,0.08
2015-10-19,8.35,8.39,8.8,8.3,89288.0,75733024.0,002420,0.96,0.08
2015-10-20,8.33,8.55,8.59,8.29,64082.0,54161296.0,002420,1.91,0.16
2015-10-21,8.6,7.7,8.64,7.7,145535.0,118475256.0,002420,-9.94,-0.85
2015-10-22,7.74,8.0,8.0,7.69,80827.0,63468176.0,002420,3.9,0.3
2015-10-23,8.07,8.38,8.39,8.02,76747.0,63060580.0,002420,4.75,0.38
2015-10-26,8.5,8.57,8.59,8.32,117062.0,98930664.0,002420,2.27,0.19
2015-10-27,8.47,8.48,8.52,8.02,89690.0,74388248.0,002420,-1.05,-0.09
2015-10-28,8.39,8.56,8.67,8.33,131130.0,111971808.0,002420,0.94,0.08
2015-10-29,8.61,8.95,9.02,8.5,196956.0,174515200.0,002420,4.56,0.39
2015-10-30,8.89,8.97,9.34,8.76,219339.0,199789568.0,002420,0.22,0.02
2015-11-02,8.69,8.53,8.9,8.41,133712.0,116177832.0,002420,-4.91,-0.44
2015-11-03,8.64,8.64,8.8,8.51,110539.0,95687528.0,002420,1.29,0.11
2015-11-04,8.65,9.15,9.19,8.64,116756.0,105393016.0,002420,5.9,0.51
2015-11-05,9.06,9.15,9.38,8.95,143043.0,130873048.0,002420,0.0,0.0
2015-11-06,9.18,9.28,9.31,9.13,109843.0,101450040.0,002420,1.42,0.13
2015-11-09,9.24,9.39,9.52,9.07,117245.0,108747496.0,002420,1.19,0.11
2015-11-10,9.35,9.46,9.57,9.23,101031.0,94904048.0,002420,0.75,0.07
2015-11-11,9.43,9.74,9.74,9.31,127294.0,122083488.0,002420,2.96,0.28
2015-11-12,9.75,9.76,9.83,9.5,137027.0,132730944.0,002420,0.21,0.02
2015-11-13,9.75,9.55,9.75,9.31,109967.0,105079536.0,002420,-2.15,-0.21
2015-11-16,9.31,9.75,9.75,9.28,105538.0,100841064.0,002420,2.09,0.2
2015-11-17,9.83,9.84,10.19,9.7,190770.0,189284368.0,002420,0.92,0.09
2015-11-18,9.85,9.55,9.92,9.51,120013.0,116966872.0,002420,-2.95,-0.29
2015-11-19,9.54,9.7,9.71,9.36,96369.0,91995280.0,002420,1.57,0.15
2015-11-20,9.7,9.95,10.07,9.65,151650.0,149849456.0,002420,2.58,0.25
2015-11-23,9.95,9.89,10.19,9.79,144076.0,143787856.0,002420,-0.6,-0.06
2015-11-24,9.81,10.17,10.17,9.73,132187.0,131646984.0,002420,2.83,0.28
2015-11-25,10.12,10.39,10.47,10.1,128275.0,132017136.0,002420,2.16,0.22
2015-11-26,10.36,10.4,10.59,10.25,115414.0,120197624.0,002420,0.1,0.01
2015-11-27,10.39,9.59,10.39,9.36,143967.0,143358512.0,002420,-7.79,-0.81
2015-11-30,9.5,9.53,9.78,8.96,114670.0,108183512.0,002420,-0.63,-0.06
2015-12-01,9.53,9.78,9.83,9.4,102534.0,99080048.0,002420,2.62,0.25
2015-12-02,9.69,9.57,9.85,9.35,81101.0,77928120.0,002420,-2.15,-0.21
2015-12-03,9.55,9.75,9.86,9.55,90776.0,88383464.0,002420,1.88,0.18
2015-12-04,9.74,10.08,10.21,9.69,153038.0,152717520.0,002420,3.38,0.33
2015-12-07,10.1,10.21,10.33,10.0,126641.0,129077968.0,002420,1.29,0.13
2015-12-08,10.1,9.79,10.15,9.73,102908.0,102236040.0,002420,-4.11,-0.42
2015-12-09,9.83,9.92,10.04,9.76,82929.0,81912808.0,002420,1.33,0.13
2015-12-10,9.99,10.34,10.49,9.87,215365.0,221096000.0,002420,4.23,0.42
2015-12-11,10.18,10.7,10.88,10.07,221069.0,231961360.0,002420,3.48,0.36
2015-12-14,10.47,11.77,11.77,10.45,369221.0,420056768.0,002420,10.0,1.07
2015-12-15,11.68,12.2,12.27,11.32,338865.0,399864960.0,002420,3.65,0.43
2015-12-16,12.02,11.92,12.22,11.75,228144.0,272081696.0,002420,-2.3,-0.28
2015-12-17,11.95,12.08,12.35,11.84,212265.0,255687248.0,002420,1.34,0.16
2015-12-18,12.05,12.18,12.47,11.83,227671.0,276228704.0,002420,0.83,0.1
2015-12-21,12.19,11.87,12.26,11.85,138380.0,165587520.0,002420,-2.55,-0.31
2015-12-22,11.76,12.02,12.17,11.56,152698.0,180825120.0,002420,1.26,0.15
2015-12-23,11.95,12.69,13.22,11.95,312918.0,392811200.0,002420,5.57,0.67
2015-12-24,12.72,12.52,12.81,12.31,144888.0,181766656.0,002420,-1.34,-0.17
2015-12-25,12.55,12.52,13.18,12.45,145396.0,185996304.0,002420,0.0,0.0
2015-12-28,12.57,11.9,12.7,11.61,159688.0,195117264.0,002420,-4.95,-0.62
2015-12-29,11.83,11.83,11.97,11.38,105228.0,122711424.0,002420,-0.59,-0.07
2015-12-30,11.85,12.02,12.11,11.78,79664.0,95416024.0,002420,1.61,0.19
2015-12-31,12.0,11.62,12.09,11.57,73764.0,87017920.0,002420,-3.33,-0.4
2016-01-04,11.61,10.46,11.74,10.46,108300.0,116627144.0,002420,-9.98,-1.16
2016-01-05,9.81,9.7,10.3,9.41,169687.0,165527072.0,002420,-7.27,-0.76
2016-01-06,9.78,10.03,10.13,9.71,99803.0,99207880.0,002420,3.4,0.33
2016-01-07,9.81,9.03,9.9,9.03,22686.0,21332988.0,002420,-9.97,-1.0
2016-01-08,9.29,9.07,9.48,8.18,96273.0,86538112.0,002420,0.44,0.04
2016-01-11,8.85,8.16,9.03,8.16,109485.0,93204112.0,002420,-10.03,-0.91
2016-01-12,8.16,8.25,8.36,7.95,71108.0,58210160.0,002420,1.1,0.09
2016-01-13,8.29,8.05,8.47,8.03,65853.0,54591780.0,002420,-2.42,-0.2
2016-01-14,7.75,8.45,8.46,7.6,89338.0,72258608.0,002420,4.97,0.4
2016-01-15,8.35,8.01,8.53,7.94,70595.0,58376760.0,002420,-5.21,-0.44
2016-01-18,7.84,8.18,8.34,7.73,63553.0,51541140.0,002420,2.12,0.17
2016-01-19,8.1,8.65,8.65,8.1,84505.0,71139304.0,002420,5.75,0.47
2016-01-20,8.57,8.76,8.85,8.48,100640.0,87467904.0,002420,1.27,0.11
2016-01-21,8.61,8.4,8.96,8.33,80405.0,69937720.0,002420,-4.11,-0.36
2016-01-22,8.47,8.59,8.7,8.18,60098.0,50957428.0,002420,2.26,0.19
2016-01-25,8.7,8.65,8.79,8.52,44054.0,38269316.0,002420,0.7,0.06
2016-01-26,8.56,7.79,8.61,7.79,75442.0,61427408.0,002420,-9.94,-0.86
2016-01-27,7.91,7.62,7.91,7.11,82433.0,61413324.0,002420,-2.18,-0.17
2016-01-28,7.48,7.39,7.68,7.25,46337.0,34866828.0,002420,-3.02,-0.23
2016-01-29,7.32,7.64,7.76,7.32,43593.0,33118526.0,002420,3.38,0.25
2016-02-01,7.68,7.6,7.77,7.43,38721.0,29613808.0,002420,-0.52,-0.04
2016-02-02,7.6,7.84,8.02,7.6,41442.0,32455544.0,002420,3.16,0.24
2016-02-03,7.65,8.05,8.12,7.65,53324.0,42203316.0,002420,2.68,0.21
2016-02-04,8.01,8.24,8.35,8.01,46095.0,37945940.0,002420,2.36,0.19
2016-02-05,8.3,8.15,8.34,8.12,38275.0,31478958.0,002420,-1.09,-0.09
2016-02-15,8.0,8.04,8.07,7.72,42076.0,33204080.0,002420,-1.35,-0.11
2016-02-16,8.07,8.35,8.37,8.07,77445.0,64099084.0,002420,3.86,0.31
2016-02-17,8.31,8.38,8.41,8.16,78766.0,65483872.0,002420,0.36,0.03
2016-02-18,8.45,8.32,8.47,8.28,58648.0,49167756.0,002420,-0.72,-0.06
2016-02-19,8.3,8.39,8.48,8.29,48633.0,40811180.0,002420,0.84,0.07
2016-02-22,8.51,8.59,8.64,8.43,62036.0,53113352.0,002420,2.38,0.2
2016-02-23,8.6,8.47,8.62,8.34,56420.0,47799400.0,002420,-1.4,-0.12
2016-02-24,8.45,8.49,8.56,8.25,50093.0,42184932.0,002420,0.24,0.02
2016-02-25,8.48,7.64,8.48,7.64,83092.0,66292836.0,002420,-10.01,-0.85
2016-02-26,7.79,7.75,7.88,7.56,43271.0,33486136.0,002420,1.44,0.11
2016-02-29,7.75,7.31,7.83,7.18,48830.0,35908808.0,002420,-5.68,-0.44
2016-03-01,7.38,7.5,7.58,7.26,36561.0,27143052.0,002420,2.6,0.19
2016-03-02,7.55,7.89,7.94,7.51,49793.0,38609160.0,002420,5.2,0.39
2016-03-03,7.9,7.97,8.08,7.81,43108.0,34483016.0,002420,1.01,0.08
2016-03-04,7.91,7.67,8.05,7.55,54047.0,42246616.0,002420,-3.76,-0.3
2016-03-07,7.79,8.1,8.13,7.78,61691.0,49416880.0,002420,5.61,0.43
2016-03-08,8.03,8.76,8.91,7.72,178938.0,151757120.0,002420,8.15,0.66
2016-03-09,8.5,8.52,8.9,8.45,113926.0,98894776.0,002420,-2.74,-0.24
2016-03-10,8.55,8.35,8.78,8.3,67478.0,57993848.0,002420,-2.0,-0.17
2016-03-11,8.35,8.29,8.44,8.0,57190.0,47241256.0,002420,-0.72,-0.06
2016-03-14,8.35,8.6,8.7,8.35,67487.0,57849652.0,002420,3.74,0.31
2016-03-15,8.5,8.6,8.72,8.44,49647.0,42683852.0,002420,0.0,0.0
2016-03-16,8.7,8.66,8.96,8.6,87002.0,76394752.0,002420,0.7,0.06
2016-03-17,8.68,8.9,8.92,8.6,73388.0,64690664.0,002420,2.77,0.24
2016-03-18,8.99,9.23,9.28,8.85,80018.0,73187776.0,002420,3.71,0.33
2016-03-21,9.32,9.29,9.46,9.11,84521.0,78701864.0,002420,0.65,0.06
2016-03-22,9.31,9.27,9.38,9.18,60659.0,56358492.0,002420,-0.22,-0.02
2016-03-23,9.21,9.28,9.32,9.16,47580.0,43997240.0,002420,0.11,0.01
2016-03-24,9.19,9.05,9.21,9.02,49559.0,45070340.0,002420,-2.48,-0.23
2016-03-25,9.0,9.11,9.2,8.98,45789.0,41556792.0,002420,0.66,0.06
2016-03-28,9.17,9.06,9.32,9.05,44153.0,40587004.0,002420,-0.55,-0.05
2016-03-29,9.01,8.88,9.1,8.68,61966.0,54817672.0,002420,-1.99,-0.18
2016-03-30,8.9,9.23,9.23,8.88,58756.0,53509184.0,002420,3.94,0.35
2016-03-31,9.29,9.6,9.68,9.22,103405.0,98178824.0,002420,4.01,0.37
2016-04-01,9.52,9.53,9.66,9.21,56993.0,53804372.0,002420,-0.73,-0.07
2016-04-05,9.63,9.75,9.91,9.58,75750.0,74172072.0,002420,2.31,0.22
2016-04-06,9.7,9.84,9.87,9.66,64487.0,62875660.0,002420,0.92,0.09
2016-04-07,9.84,9.44,9.84,9.42,71961.0,68949776.0,002420,-4.07,-0.4
2016-04-08,9.37,9.31,9.52,9.09,101432.0,93747560.0,002420,-1.38,-0.13
2016-04-11,9.33,9.5,9.72,9.33,90195.0,86179584.0,002420,2.04,0.19
2016-04-12,9.51,9.51,9.6,9.28,61560.0,57784104.0,002420,0.11,0.01
2016-04-13,9.55,9.6,9.8,9.55,71294.0,69037792.0,002420,0.95,0.09
2016-04-14,9.66,10.17,10.18,9.58,146636.0,145936112.0,002420,5.94,0.57
2016-04-15,10.0,9.97,10.07,9.88,111195.0,110837256.0,002420,-1.97,-0.2
2016-04-18,10.0,10.13,10.17,9.91,101948.0,102088352.0,002420,1.6,0.16
2016-04-19,10.15,10.0,10.16,9.78,105044.0,104734544.0,002420,-1.28,-0.13
2016-04-20,10.03,9.76,10.16,9.2,144523.0,141516160.0,002420,-2.4,-0.24
2016-04-21,9.74,9.6,9.94,9.55,94714.0,92570936.0,002420,-1.64,-0.16
2016-04-22,9.36,9.7,9.83,9.28,73280.0,70266936.0,002420,1.04,0.1
2016-04-25,9.67,9.46,9.67,9.4,55071.0,52303828.0,002420,-2.47,-0.24
2016-04-26,9.46,9.79,9.8,9.4,64951.0,62563112.0,002420,3.49,0.33
2016-04-27,9.7,10.0,10.2,9.69,120222.0,119471080.0,002420,2.15,0.21
2016-04-28,9.9,9.76,9.96,9.54,70985.0,69093816.0,002420,-2.4,-0.24
2016-04-29,9.7,9.66,9.82,9.65,31503.0,30637208.0,002420,-1.02,-0.1
2016-05-03,9.66,10.0,10.04,9.61,73333.0,72709792.0,002420,3.52,0.34
2016-05-04,9.96,10.09,10.29,9.89,92189.0,93521616.0,002420,0.9,0.09
2016-05-05,10.03,10.04,10.14,9.91,55167.0,55246116.0,002420,-0.5,-0.05
2016-05-06,10.03,9.48,10.19,9.42,113400.0,111313680.0,002420,-5.58,-0.56
2016-05-09,9.32,8.73,9.32,8.6,91257.0,81493048.0,002420,-7.91,-0.75
2016-05-10,8.5,8.55,8.82,8.48,55813.0,47848000.0,002420,-2.06,-0.18
2016-05-11,8.6,8.32,8.68,8.29,43053.0,36445288.0,002420,-2.69,-0.23
2016-05-12,8.32,8.12,8.32,7.8,79387.0,63268508.0,002420,-2.4,-0.2
2016-05-13,8.01,8.06,8.2,7.98,44362.0,35971500.0,002420,-0.74,-0.06
2016-05-16,8.07,8.29,8.34,8.0,81685.0,67027568.0,002420,2.85,0.23
2016-05-17,8.25,8.27,8.44,8.18,44920.0,37336540.0,002420,-0.24,-0.02
2016-05-18,8.21,7.91,8.26,7.77,45268.0,35972308.0,002420,-4.35,-0.36
2016-05-19,7.91,7.92,8.09,7.89,39614.0,31600362.0,002420,0.13,0.01
2016-05-20,7.82,8.03,8.05,7.8,37284.0,29664132.0,002420,1.39,0.11
2016-05-23,8.02,8.08,8.15,7.9,42869.0,34535860.0,002420,0.62,0.05
2016-05-24,8.09,8.01,8.1,7.92,36579.0,29279862.0,002420,-0.87,-0.07
2016-05-25,8.05,8.0,8.11,7.96,41705.0,33528276.0,002420,-0.12,-0.01
2016-05-26,7.99,7.98,8.06,7.75,38230.0,30180484.0,002420,-0.25,-0.02
2016-05-27,7.95,8.02,8.08,7.94,30475.0,24431332.0,002420,0.5,0.04
2016-05-30,8.0,8.0,8.04,7.75,35913.0,28620002.0,002420,-0.25,-0.02
2016-05-31,7.96,8.36,8.42,7.95,64708.0,53353512.0,002420,4.5,0.36
2016-06-01,8.36,8.54,8.72,8.35,84837.0,72701960.0,002420,2.15,0.18
2016-06-02,8.52,8.67,8.7,8.45,42493.0,36713004.0,002420,1.52,0.13
2016-06-03,8.64,8.7,8.8,8.63,39514.0,34492964.0,002420,0.35,0.03
2016-06-06,8.67,9.16,9.48,8.58,150085.0,135997632.0,002420,5.29,0.46
2016-06-07,9.03,8.83,9.1,8.77,114799.0,101983696.0,002420,-3.6,-0.33
2016-06-08,8.77,8.83,8.93,8.63,53788.0,47215092.0,002420,0.0,0.0
2016-06-13,8.85,8.38,8.96,8.36,62206.0,54143696.0,002420,-5.1,-0.45
2016-06-14,8.33,8.37,8.45,8.28,32031.0,26765074.0,002420,-0.12,-0.01
2016-06-15,8.3,8.64,8.67,8.26,39141.0,33480656.0,002420,3.23,0.27
2016-06-16,8.62,8.65,8.89,8.6,36734.0,32088962.0,002420,0.12,0.01
2016-06-17,8.68,8.67,8.88,8.61,37192.0,32513682.0,002420,0.23,0.02
2016-06-20,8.67,8.5,8.67,8.33,52818.0,44562772.0,002420,-1.96,-0.17
2016-06-21,8.5,8.38,8.59,8.36,49310.0,41878336.0,002420,-1.41,-0.12
2016-06-22,8.38,8.55,8.57,8.33,42040.0,35510084.0,002420,2.03,0.17
2016-06-23,8.55,8.41,8.55,8.35,48934.0,41267760.0,002420,-1.64,-0.14
2016-06-24,8.54,8.3,8.54,8.07,64345.0,53637208.0,002420,-1.31,-0.11
2016-06-27,8.2,8.52,8.54,8.2,48137.0,40622004.0,002420,2.65,0.22
2016-06-28,8.48,8.61,8.71,8.43,61221.0,52368008.0,002420,1.06,0.09
2016-06-29,8.65,8.59,8.68,8.55,58037.0,49904540.0,002420,-0.23,-0.02
2016-06-30,8.6,8.7,8.72,8.55,49657.0,43003048.0,002420,1.28,0.11
2016-07-01,8.69,8.67,8.83,8.64,48422.0,42279332.0,002420,-0.34,-0.03
2016-07-04,8.67,8.86,8.93,8.65,67107.0,59370384.0,002420,2.19,0.19
2016-07-05,8.86,8.93,8.99,8.8,48291.0,42941392.0,002420,0.79,0.07
2016-07-06,8.87,8.96,9.01,8.84,45985.0,41041812.0,002420,0.34,0.03
2016-07-07,8.96,8.93,9.0,8.75,63155.0,56147796.0,002420,-0.33,-0.03
2016-07-08,8.9,8.94,9.23,8.85,48217.0,43239620.0,002420,0.11,0.01
2016-07-11,8.95,8.9,9.03,8.89,59554.0,53343000.0,002420,-0.45,-0.04
2016-07-12,8.9,8.94,9.02,8.67,67068.0,59315836.0,002420,0.45,0.04
2016-07-13,8.92,9.0,9.07,8.92,76688.0,69029120.0,002420,0.67,0.06
2016-07-14,9.03,9.1,9.19,9.0,76046.0,69229968.0,002420,1.11,0.1
2016-07-15,8.96,8.9,8.97,8.78,94788.0,84102488.0,002420,-2.2,-0.2
2016-07-18,8.85,8.84,8.91,8.8,40418.0,35806068.0,002420,-0.67,-0.06
2016-07-19,8.84,8.94,8.96,8.83,35349.0,31438904.0,002420,1.13,0.1
2016-07-20,8.95,8.9,9.0,8.89,37511.0,33527370.0,002420,-0.45,-0.04
2016-07-21,8.93,9.02,9.04,8.87,43140.0,38716432.0,002420,1.35,0.12
2016-07-22,9.0,9.08,9.18,8.97,62618.0,56802944.0,002420,0.67,0.06
2016-07-25,9.11,9.05,9.11,8.93,45889.0,41476880.0,002420,-0.33,-0.03
2016-07-26,9.0,9.16,9.16,8.97,46312.0,42119724.0,002420,1.22,0.11
2016-07-27,9.16,8.53,9.19,8.48,76407.0,67376008.0,002420,-6.88,-0.63
2016-07-28,8.53,8.54,8.66,8.41,40866.0,34895524.0,002420,0.12,0.01
2016-07-29,8.53,8.4,8.64,8.35,30297.0,25632778.0,002420,-1.64,-0.14
2016-08-01,8.4,8.55,8.6,8.09,59490.0,49562316.0,002420,1.79,0.15
2016-08-02,8.48,8.51,8.53,8.37,31236.0,26389086.0,002420,-0.47,-0.04
2016-08-03,8.48,8.48,8.51,8.41,21597.0,18281752.0,002420,-0.35,-0.03
2016-08-04,8.49,8.48,8.5,8.41,28864.0,24420186.0,002420,0.0,0.0
2016-08-05,8.48,8.45,8.55,8.43,23025.0,19568206.0,002420,-0.35,-0.03
2016-08-08,8.37,8.5,8.52,8.37,26806.0,22679390.0,002420,0.59,0.05
2016-08-09,8.51,8.64,8.68,8.48,36814.0,31684118.0,002420,1.65,0.14
2016-08-10,8.65,8.6,8.69,8.55,19258.0,16594325.0,002420,-0.46,-0.04
2016-08-11,8.6,8.52,8.63,8.51,17965.0,15382479.0,002420,-0.93,-0.08
2016-08-12,8.52,8.57,8.61,8.45,18378.0,15722897.0,002420,0.59,0.05
2016-08-15,8.63,8.75,8.79,8.6,29134.0,25404576.0,002420,2.1,0.18
2016-08-16,8.81,8.8,8.9,8.75,25694.0,22648266.0,002420,0.57,0.05
2016-08-17,8.84,8.85,8.93,8.8,26728.0,23697122.0,002420,0.57,0.05
2016-08-18,8.85,8.84,8.91,8.79,27749.0,24558162.0,002420,-0.11,-0.01
2016-08-19,8.85,8.9,8.95,8.8,23080.0,20507034.0,002420,0.68,0.06
2016-08-22,8.94,8.81,8.96,8.81,28381.0,25219524.0,002420,-1.01,-0.09
2016-08-23,8.8,8.82,8.89,8.76,17466.0,15423658.0,002420,0.11,0.01
2016-08-24,8.83,8.86,8.88,8.76,25833.0,22809818.0,002420,0.45,0.04
2016-08-25,8.85,8.77,8.86,8.69,24209.0,21178958.0,002420,-1.02,-0.09
2016-08-26,8.81,8.83,9.15,8.81,31246.0,27835250.0,002420,0.68,0.06
2016-08-29,8.79,8.9,8.97,8.75,30009.0,26633996.0,002420,0.79,0.07
2016-08-30,8.87,8.9,8.94,8.81,25423.0,22650796.0,002420,0.0,0.0
2016-08-31,8.92,8.9,8.95,8.84,32945.0,29323414.0,002420,0.0,0.0
2016-09-01,8.9,8.79,8.93,8.78,33351.0,29462590.0,002420,-1.24,-0.11
2016-09-02,8.83,8.83,8.86,8.76,30758.0,27098110.0,002420,0.46,0.04
2016-09-05,8.83,8.93,8.93,8.8,40226.0,35802600.0,002420,1.13,0.1
2016-09-06,8.93,9.03,9.04,8.83,51101.0,45707724.0,002420,1.12,0.1
2016-09-07,9.01,9.05,9.21,9.0,55964.0,50980072.0,002420,0.22,0.02
2016-09-08,9.03,9.13,9.2,9.03,40372.0,36879292.0,002420,0.88,0.08
2016-09-09,9.15,9.02,9.22,9.01,41546.0,37905256.0,002420,-1.2,-0.11
2016-09-12,8.9,8.6,8.9,8.6,47982.0,42038256.0,002420,-4.66,-0.42
2016-09-13,8.65,8.69,8.72,8.61,27501.0,23811330.0,002420,1.05,0.09
2016-09-14,8.67,8.71,8.76,8.6,21835.0,18997200.0,002420,0.23,0.02
2016-09-19,8.72,8.84,8.87,8.72,22044.0,19427432.0,002420,1.49,0.13
2016-09-20,8.85,8.91,9.06,8.83,37110.0,33244972.0,002420,0.79,0.07
2016-09-21,8.91,8.95,9.03,8.86,28406.0,25525868.0,002420,0.45,0.04
2016-09-22,9.0,8.98,9.14,8.93,31112.0,28059360.0,002420,0.34,0.03
2016-09-23,9.0,9.01,9.03,8.94,24649.0,22148468.0,002420,0.33,0.03
2016-09-26,9.03,9.09,9.39,8.98,108420.0,99787976.0,002420,0.89,0.08
2016-09-27,9.05,9.3,9.35,9.05,78152.0,71779528.0,002420,2.31,0.21
2016-09-28,9.23,9.12,9.34,9.12,54693.0,50336428.0,002420,-1.94,-0.18
2016-09-29,9.12,9.3,9.34,9.06,65886.0,60562460.0,002420,1.97,0.18
2016-09-30,9.22,9.37,9.47,9.18,52324.0,48879876.0,002420,0.75,0.07
2016-10-10,9.37,9.4,9.45,9.25,75373.0,70438168.0,002420,0.32,0.03
2016-10-11,9.4,9.41,9.54,9.32,66025.0,62165912.0,002420,0.11,0.01
2016-10-12,9.38,9.36,9.41,9.27,48378.0,45202184.0,002420,-0.53,-0.05
2016-10-13,9.36,9.45,9.47,9.32,40641.0,38194076.0,002420,0.96,0.09
2016-10-14,9.44,9.33,9.49,9.21,57133.0,53427468.0,002420,-1.27,-0.12
2016-10-17,9.3,9.2,9.38,9.19,42803.0,39773984.0,002420,-1.39,-0.13
2016-10-18,9.2,9.33,9.38,9.18,40478.0,37636244.0,002420,1.41,0.13
2016-10-19,9.33,9.56,9.56,9.27,68389.0,64576652.0,002420,2.47,0.23
2016-10-20,9.57,9.55,9.62,9.44,51545.0,49061336.0,002420,-0.1,-0.01
2016-10-21,9.52,9.47,9.58,9.32,39352.0,37182504.0,002420,-0.84,-0.08
2016-10-24,9.5,9.49,9.62,9.4,46685.0,44481116.0,002420,0.21,0.02
2016-10-25,9.53,9.5,9.53,9.42,38615.0,36581968.0,002420,0.11,0.01
2016-10-26,9.49,9.56,9.65,9.4,57592.0,54812952.0,002420,0.63,0.06
2016-10-27,9.56,9.64,9.74,9.5,65974.0,63508684.0,002420,0.84,0.08
2016-10-28,9.59,9.69,9.8,9.54,50554.0,48880780.0,002420,0.52,0.05
2016-10-31,9.63,9.67,9.77,9.49,38091.0,36612276.0,002420,-0.21,-0.02
2016-11-01,9.68,9.96,10.02,9.62,88831.0,87831240.0,002420,3.0,0.29
2016-11-02,9.87,9.84,9.97,9.8,59740.0,58860464.0,002420,-1.2,-0.12
2016-11-03,9.89,9.91,9.95,9.82,54048.0,53390916.0,002420,0.71,0.07
2016-11-04,9.9,9.77,9.92,9.71,48745.0,47834948.0,002420,-1.41,-0.14
2016-11-07,9.76,9.91,9.98,9.76,49275.0,48762112.0,002420,1.43,0.14
2016-11-08,9.98,10.02,10.13,9.9,44239.0,44323868.0,002420,1.11,0.11
2016-11-09,9.95,10.05,10.25,9.9,72489.0,73041360.0,002420,0.3,0.03
2016-11-10,10.1,10.12,10.14,10.0,50537.0,50853592.0,002420,0.7,0.07
2016-11-11,10.08,10.23,10.45,10.08,92093.0,94900240.0,002420,1.09,0.11
2016-11-14,10.23,10.83,10.94,10.18,138409.0,147114416.0,002420,5.87,0.6
2016-11-15,10.81,10.79,11.08,10.65,123377.0,133770176.0,002420,-0.37,-0.04
2016-11-16,10.75,10.71,10.82,10.52,76811.0,81629336.0,002420,-0.74,-0.08
2016-11-17,10.7,11.12,11.23,10.58,141553.0,155849376.0,002420,3.83,0.41
2016-11-18,10.97,10.8,11.0,10.66,98696.0,106458712.0,002420,-2.88,-0.32
2016-11-21,10.68,10.75,10.83,10.57,66598.0,71205824.0,002420,-0.46,-0.05
2016-11-22,10.7,10.79,10.83,10.68,40708.0,43734684.0,002420,0.37,0.04
2016-11-23,10.79,10.84,10.97,10.69,58676.0,63796804.0,002420,0.46,0.05
2016-11-24,10.76,10.63,10.88,10.36,76432.0,81023456.0,002420,-1.94,-0.21
2016-11-25,10.57,10.48,10.58,10.33,50565.0,52799916.0,002420,-1.41,-0.15
2016-11-28,10.53,10.58,10.65,10.47,46447.0,49146756.0,002420,0.95,0.1
2016-11-29,10.56,10.17,10.63,10.17,53048.0,54979776.0,002420,-3.88,-0.41
2016-11-30,10.18,10.06,10.24,9.97,50696.0,51064664.0,002420,-1.08,-0.11
2016-12-01,10.06,10.23,10.29,10.02,35956.0,36692008.0,002420,1.69,0.17
2016-12-02,10.24,10.15,10.3,10.1,32400.0,33016572.0,002420,-0.78,-0.08
2016-12-05,10.0,10.02,10.14,9.86,24733.0,24761544.0,002420,-1.28,-0.13
2016-12-06,10.03,9.98,10.2,9.96,28424.0,28598240.0,002420,-0.4,-0.04
2016-12-07,10.05,10.16,10.19,9.96,32594.0,32838998.0,002420,1.8,0.18
2016-12-08,10.19,10.07,10.19,9.98,39020.0,39264112.0,002420,-0.89,-0.09
2016-12-09,10.06,10.12,10.2,10.01,37532.0,37970608.0,002420,0.5,0.05
2016-12-12,10.1,9.43,10.17,9.4,58966.0,57691496.0,002420,-6.82,-0.69
2016-12-13,9.43,9.55,9.64,9.17,42662.0,40410744.0,002420,1.27,0.12
2016-12-14,9.5,9.51,9.71,9.45,19336.0,18495236.0,002420,-0.42,-0.04
2016-12-15,9.5,9.6,9.71,9.47,24527.0,23568632.0,002420,0.95,0.09
2016-12-16,9.6,9.71,9.75,9.53,21065.0,20364158.0,002420,1.15,0.11
2016-12-19,9.72,9.78,9.83,9.64,23893.0,23300026.0,002420,0.72,0.07
2016-12-20,9.73,9.93,10.02,9.71,34758.0,34429148.0,002420,1.53,0.15
2016-12-21,9.88,10.03,10.07,9.88,24323.0,24305672.0,002420,1.01,0.1
2016-12-22,10.03,9.94,10.03,9.84,35325.0,35013648.0,002420,-0.9,-0.09
2016-12-23,9.9,9.9,10.03,9.78,33421.0,33089578.0,002420,-0.4,-0.04
2016-12-26,9.83,9.99,10.04,9.81,24045.0,23877170.0,002420,0.91,0.09
2016-12-27,9.99,9.98,10.05,9.93,25714.0,25685224.0,002420,-0.1,-0.01
2016-12-28,9.98,10.06,10.16,9.95,30955.0,31067878.0,002420,0.8,0.08
2016-12-29,10.07,10.09,10.19,9.98,27128.0,27365658.0,002420,0.3,0.03
2016-12-30,10.09,10.09,10.17,9.98,26321.0,26497152.0,002420,0.0,0.0
2017-01-03,10.04,10.25,10.3,10.03,60711.0,62027900.0,002420,1.59,0.16
2017-01-04,10.17,10.28,10.33,10.16,52250.0,53668892.0,002420,0.29,0.03
2017-01-05,10.28,10.52,10.55,10.21,72397.0,75493944.0,002420,2.33,0.24
2017-01-06,10.42,10.28,10.5,10.23,47674.0,49447516.0,002420,-2.28,-0.24
2017-01-09,10.25,10.29,10.36,10.13,45485.0,46533372.0,002420,0.1,0.01
2017-01-10,10.24,10.25,10.34,10.21,30594.0,31402468.0,002420,-0.39,-0.04
2017-01-11,10.25,9.92,10.27,9.91,57959.0,58360228.0,002420,-3.22,-0.33
2017-01-12,9.95,10.02,10.06,9.79,49019.0,48549612.0,002420,1.01,0.1
2017-01-13,10.01,10.14,10.19,9.87,54818.0,54896696.0,002420,1.2,0.12
2017-01-16,10.03,9.49,10.04,9.14,74874.0,71637992.0,002420,-6.41,-0.65
2017-01-17,9.4,9.69,9.85,9.27,39401.0,37424512.0,002420,2.11,0.2
2017-01-18,9.7,9.75,9.79,9.61,24094.0,23338796.0,002420,0.62,0.06
2017-01-19,9.68,9.58,9.68,9.38,38935.0,36940260.0,002420,-1.74,-0.17
2017-01-20,9.43,9.82,9.83,9.43,56776.0,54619760.0,002420,2.51,0.24
2017-01-23,9.77,9.8,9.94,9.65,91336.0,89095696.0,002420,-0.2,-0.02
2017-01-24,9.79,9.62,9.79,9.54,41007.0,39485684.0,002420,-1.84,-0.18
2017-01-25,9.57,9.62,9.67,9.53,18985.0,18256008.0,002420,0.0,0.0
2017-01-26,9.64,9.64,9.69,9.59,43488.0,41974252.0,002420,0.21,0.02
2017-02-03,9.64,9.64,9.69,9.51,16136.0,15464027.0,002420,0.0,0.0
2017-02-06,9.64,9.64,9.67,9.52,44914.0,43051584.0,002420,0.0,0.0
2017-02-07,9.62,9.83,9.87,9.58,70820.0,69223240.0,002420,1.97,0.19
2017-02-08,9.86,9.78,9.86,9.68,37194.0,36243352.0,002420,-0.51,-0.05
2017-02-09,9.75,9.79,9.84,9.75,38766.0,37941544.0,002420,0.1,0.01
2017-02-10,9.79,9.79,9.84,9.73,41593.0,40710428.0,002420,0.0,0.0
2017-02-13,9.76,9.88,9.9,9.76,39203.0,38528396.0,002420,0.92,0.09
2017-02-14,9.88,9.76,9.92,9.69,48621.0,47500656.0,002420,-1.21,-0.12
2017-02-15,9.71,9.66,9.77,9.62,37495.0,36399236.0,002420,-1.02,-0.1
2017-02-16,9.62,9.7,9.75,9.59,28437.0,27533074.0,002420,0.41,0.04
2017-02-17,9.7,9.56,9.72,9.44,47057.0,45138904.0,002420,-1.44,-0.14
2017-02-20,9.53,9.63,9.69,9.5,43647.0,41816120.0,002420,0.73,0.07
2017-02-21,9.64,9.71,9.76,9.61,51051.0,49503456.0,002420,0.83,0.08
2017-02-22,9.69,9.76,9.8,9.69,59881.0,58323000.0,002420,0.51,0.05
2017-02-23,9.77,9.85,9.92,9.7,71305.0,70241968.0,002420,0.92,0.09
2017-02-24,9.85,9.83,9.9,9.73,50136.0,49192224.0,002420,-0.2,-0.02
2017-02-27,9.83,9.66,9.84,9.66,54195.0,52718280.0,002420,-1.73,-0.17
2017-02-28,9.66,9.64,9.7,9.55,48343.0,46490624.0,002420,-0.21,-0.02
2017-03-01,9.64,9.72,9.76,9.6,54279.0,52655888.0,002420,0.83,0.08
2017-03-02,9.76,9.69,9.79,9.67,29664.0,28900554.0,002420,-0.31,-0.03
2017-03-03,9.69,9.72,9.75,9.65,19962.0,19351628.0,002420,0.31,0.03
2017-03-06,9.73,9.82,9.84,9.66,37080.0,36336812.0,002420,1.03,0.1
2017-03-07,9.82,9.76,9.87,9.74,44337.0,43459164.0,002420,-0.61,-0.06
2017-03-08,9.74,9.77,9.82,9.66,35113.0,34216112.0,002420,0.1,0.01
2017-03-09,9.73,9.71,9.8,9.67,38893.0,37874420.0,002420,-0.61,-0.06
2017-03-10,9.71,9.81,9.84,9.69,42024.0,41022616.0,002420,1.03,0.1
2017-03-13,9.8,9.71,9.85,9.57,45645.0,44256700.0,002420,-1.02,-0.1
2017-03-14,9.72,9.6,9.77,9.59,58360.0,56442576.0,002420,-1.13,-0.11
2017-03-15,9.6,10.1,10.14,9.55,220269.0,218986992.0,002420,5.21,0.5
2017-03-16,10.03,9.99,10.17,9.93,197410.0,198049040.0,002420,-1.09,-0.11
2017-03-17,9.95,9.71,9.95,9.7,145961.0,143757600.0,002420,-2.8,-0.28
2017-03-20,9.65,9.73,9.82,9.63,57795.0,56083664.0,002420,0.21,0.02
2017-03-21,9.68,9.68,9.76,9.6,53822.0,52030500.0,002420,-0.51,-0.05
2017-03-22,9.66,9.65,9.69,9.51,42203.0,40596264.0,002420,-0.31,-0.03
2017-03-23,9.64,9.56,9.75,9.5,44031.0,42273724.0,002420,-0.93,-0.09
2017-03-24,9.56,9.57,9.63,9.51,30868.0,29505328.0,002420,0.1,0.01
2017-03-27,9.54,9.51,9.62,9.5,38720.0,37015300.0,002420,-0.63,-0.06
2017-03-28,9.55,9.44,9.55,9.42,34607.0,32794362.0,002420,-0.74,-0.07
2017-03-29,9.44,9.2,9.49,9.19,60213.0,56043496.0,002420,-2.54,-0.24
2017-03-30,9.22,9.04,9.24,9.0,52945.0,48174364.0,002420,-1.74,-0.16
2017-03-31,9.04,8.9,9.08,8.76,68350.0,60879656.0,002420,-1.55,-0.14
2017-04-05,8.93,9.0,9.03,8.9,51587.0,46247012.0,002420,1.12,0.1
2017-04-06,9.0,9.14,9.21,8.97,81135.0,74149280.0,002420,1.56,0.14
2017-04-07,9.14,9.12,9.16,9.07,27119.0,24724924.0,002420,-0.22,-0.02
2017-04-10,9.12,8.9,9.18,8.86,53863.0,48494108.0,002420,-2.41,-0.22
2017-04-11,8.9,8.92,8.98,8.7,45707.0,40451280.0,002420,0.22,0.02
2017-04-12,8.88,8.92,9.1,8.85,39182.0,35209364.0,002420,0.0,0.0
2017-04-13,8.94,8.91,8.98,8.88,29747.0,26551474.0,002420,-0.11,-0.01
2017-04-14,8.93,8.98,9.0,8.86,36535.0,32595082.0,002420,0.79,0.07
2017-04-17,8.92,8.45,8.96,8.3,60935.0,52498732.0,002420,-5.9,-0.53
2017-04-18,8.33,8.25,8.49,8.19,48839.0,40824536.0,002420,-2.37,-0.2
2017-04-19,8.24,7.97,8.25,7.91,55158.0,44274016.0,002420,-3.39,-0.28
2017-04-20,8.0,7.85,8.06,7.82,39782.0,31532756.0,002420,-1.51,-0.12
2017-04-21,7.87,7.97,8.02,7.87,29032.0,23116144.0,002420,1.53,0.12
2017-04-24,8.0,7.59,8.0,7.59,33992.0,26233942.0,002420,-4.77,-0.38
2017-04-25,7.62,7.65,7.79,7.56,26855.0,20626560.0,002420,0.79,0.06
2017-04-26,7.63,7.91,7.97,7.63,44852.0,35089104.0,002420,3.4,0.26
2017-04-27,7.85,7.94,8.02,7.71,38048.0,29958456.0,002420,0.38,0.03
2017-04-28,7.97,7.95,8.15,7.91,42222.0,33839764.0,002420,0.13,0.01
2017-05-02,7.96,7.84,7.99,7.78,36326.0,28655870.0,002420,-1.38,-0.11
2017-05-03,7.85,7.77,7.91,7.7,37628.0,29288460.0,002420,-0.89,-0.07
2017-05-04,7.81,7.79,7.89,7.72,30182.0,23584444.0,002420,0.26,0.02
2017-05-05,7.83,7.7,7.85,7.7,21785.0,16949710.0,002420,-1.16,-0.09
2017-05-08,7.65,7.5,7.68,7.45,35153.0,26510156.0,002420,-2.6,-0.2
2017-05-09,7.45,7.63,7.64,7.45,28215.0,21339696.0,002420,1.73,0.13
2017-05-10,7.63,7.56,7.76,7.53,29022.0,22252500.0,002420,-0.92,-0.07
2017-05-11,7.59,7.42,7.59,7.15,35293.0,26005074.0,002420,-1.85,-0.14
2017-05-12,7.42,7.35,7.45,7.28,18835.0,13827653.0,002420,-0.94,-0.07
2017-05-15,7.35,7.3,7.38,7.27,18799.0,13756530.0,002420,-0.68,-0.05
2017-05-16,7.31,7.53,7.54,7.24,32530.0,24097880.0,002420,3.15,0.23
2017-05-17,7.55,7.58,7.71,7.48,36648.0,27854092.0,002420,0.66,0.05
2017-05-18,7.54,7.53,7.67,7.48,20678.0,15630040.0,002420,-0.66,-0.05
2017-05-19,7.49,7.47,7.58,7.46,17246.0,12934389.0,002420,-0.8,-0.06
2017-05-22,7.51,7.67,7.7,7.32,70300.0,53000672.0,002420,2.68,0.2
2017-05-23,7.7,7.62,7.75,7.45,63639.0,48655812.0,002420,-0.65,-0.05
2017-05-24,7.64,7.96,7.98,7.5,66429.0,51782216.0,002420,4.46,0.34
2017-05-25,7.92,8.05,8.1,7.87,51392.0,41000512.0,002420,1.13,0.09
2017-05-26,8.02,8.1,8.12,7.9,42865.0,34320288.0,002420,0.62,0.05
2017-05-31,8.23,8.14,8.37,8.1,56644.0,46588976.0,002420,0.49,0.04
2017-06-01,8.12,7.8,8.26,7.77,48565.0,38660916.0,002420,-4.18,-0.34
2017-06-02,7.87,7.78,7.87,7.48,57505.0,43916576.0,002420,-0.26,-0.02
2017-06-05,7.72,7.92,7.96,7.7,23177.0,18225450.0,002420,1.8,0.14
2017-06-06,7.92,7.96,7.97,7.8,19059.0,15030283.0,002420,0.51,0.04
2017-06-07,8.0,8.74,8.76,7.91,318771.0,273654624.0,002420,9.8,0.78
2017-06-08,8.6,8.53,8.65,8.46,178291.0,152026608.0,002420,-2.4,-0.21
2017-06-09,8.53,8.51,8.7,8.41,124627.0,106461608.0,002420,-0.23,-0.02
2017-06-12,8.46,8.51,8.76,8.43,248743.0,214227328.0,002420,0.0,0.0
2017-06-13,8.44,8.33,8.56,8.1,125237.0,103823936.0,002420,-2.12,-0.18
2017-06-14,8.3,8.29,8.35,8.19,46373.0,38369804.0,002420,-0.48,-0.04
2017-06-15,8.34,8.37,8.47,8.25,48730.0,40722548.0,002420,0.97,0.08
2017-06-16,8.37,8.38,8.43,8.27,28859.0,24119218.0,002420,0.12,0.01
2017-06-19,8.39,8.35,8.47,8.29,28036.0,23416446.0,002420,-0.36,-0.03
2017-06-20,8.32,8.34,8.36,8.12,88477.0,72796544.0,002420,-0.12,-0.01
2017-06-21,8.33,8.4,8.62,8.3,81329.0,68896328.0,002420,0.72,0.06
2017-06-22,8.38,8.19,8.42,8.18,41576.0,34354396.0,002420,-2.5,-0.21
2017-06-23,8.16,8.33,8.44,8.03,79183.0,65300556.0,002420,1.71,0.14
2017-06-26,8.38,8.29,8.45,8.2,74637.0,62069772.0,002420,-0.48,-0.04
2017-06-27,8.26,8.19,8.42,8.1,66644.0,55024112.0,002420,-1.21,-0.1
2017-06-28,8.17,8.51,8.64,8.13,148560.0,124984632.0,002420,3.91,0.32
2017-06-29,8.5,8.43,8.54,8.37,53106.0,44759364.0,002420,-0.94,-0.08
2017-06-30,8.4,8.41,8.47,8.36,22549.0,18932418.0,002420,-0.24,-0.02
2017-07-03,8.38,8.4,8.46,8.35,21838.0,18314400.0,002420,-0.12,-0.01
2017-07-04,8.4,8.45,8.53,8.35,38409.0,32331082.0,002420,0.6,0.05
2017-07-05,8.45,8.45,8.57,8.38,76605.0,64930120.0,002420,0.0,0.0
2017-07-06,8.45,8.38,8.45,8.34,33855.0,28351688.0,002420,-0.83,-0.07
2017-07-07,8.38,8.43,8.55,8.29,63097.0,53368180.0,002420,0.6,0.05
2017-07-10,8.43,8.9,8.9,8.33,38872.0,33185654.0,002420,5.58,0.47
2017-07-11,8.51,8.47,8.7,8.38,162506.0,138596704.0,002420,-4.83,-0.43
2017-07-12,8.41,7.62,8.46,7.62,179147.0,139175120.0,002420,-10.04,-0.85
2017-07-13,6.96,7.07,7.32,6.96,210189.0,149594080.0,002420,-7.22,-0.55
2017-07-14,6.95,6.92,7.05,6.9,96084.0,66898304.0,002420,-2.12,-0.15
2017-07-17,6.88,6.43,6.89,6.43,81869.0,53913380.0,002420,-7.08,-0.49
2017-07-18,6.42,6.52,6.56,6.38,39908.0,25873296.0,002420,1.4,0.09
2017-07-19,6.52,6.59,6.62,6.45,37972.0,24778064.0,002420,1.07,0.07
2017-07-20,6.59,6.66,6.76,6.59,29418.0,19691604.0,002420,1.06,0.07
2017-07-21,6.67,6.63,6.71,6.62,20416.0,13581826.0,002420,-0.45,-0.03
2017-07-24,6.64,6.63,6.68,6.58,24775.0,16434857.0,002420,0.0,0.0
2017-07-25,6.63,6.64,6.72,6.6,20827.0,13874439.0,002420,0.15,0.01
2017-07-26,6.65,6.63,6.69,6.6,23756.0,15763588.0,002420,-0.15,-0.01
2017-07-27,6.62,6.74,6.78,6.59,32686.0,21857326.0,002420,1.66,0.11
2017-07-28,6.75,6.73,6.79,6.7,29729.0,20047320.0,002420,-0.15,-0.01
2017-07-31,6.7,6.73,6.75,6.65,25844.0,17334300.0,002420,0.0,0.0
2017-08-01,6.75,6.8,6.81,6.71,29753.0,20139268.0,002420,1.04,0.07
2017-08-02,6.8,6.8,6.84,6.73,31944.0,21712878.0,002420,0.0,0.0
2017-08-03,6.79,6.8,6.83,6.75,31308.0,21261316.0,002420,0.0,0.0
2017-08-04,6.8,6.78,6.89,6.78,31140.0,21292190.0,002420,-0.29,-0.02
2017-08-07,6.78,6.78,6.81,6.71,34247.0,23143852.0,002420,0.0,0.0
2017-08-08,6.77,6.73,6.77,6.67,29028.0,19479746.0,002420,-0.74,-0.05
2017-08-09,6.73,6.75,6.78,6.68,24733.0,16662610.0,002420,0.3,0.02
2017-08-10,6.76,6.75,6.85,6.7,35643.0,24135362.0,002420,0.0,0.0
2017-08-11,6.73,6.6,6.73,6.6,24359.0,16180185.0,002420,-2.22,-0.15
2017-08-14,6.58,6.68,6.69,6.56,39601.0,26283290.0,002420,1.21,0.08
2017-08-15,6.69,6.69,6.71,6.64,23549.0,15725031.0,002420,0.15,0.01
2017-08-16,6.7,6.76,6.8,6.68,29362.0,19783832.0,002420,1.05,0.07
2017-08-17,6.77,6.85,6.87,6.75,34171.0,23276592.0,002420,1.33,0.09
2017-08-18,6.81,6.83,6.86,6.79,25743.0,17580404.0,002420,-0.29,-0.02
2017-08-21,6.8,6.88,6.94,6.8,22117.0,15260362.0,002420,0.73,0.05
2017-08-22,6.9,6.82,6.93,6.82,21261.0,14616524.0,002420,-0.87,-0.06
2017-08-23,6.82,6.8,6.85,6.76,24832.0,16898612.0,002420,-0.29,-0.02
2017-08-24,6.8,6.79,6.82,6.76,15344.0,10414465.0,002420,-0.15,-0.01
2017-08-25,6.79,6.85,6.87,6.76,23836.0,16316869.0,002420,0.88,0.06
2017-08-28,6.85,6.93,6.94,6.83,30953.0,21350884.0,002420,1.17,0.08
2017-08-29,6.92,6.92,6.97,6.89,25098.0,17374332.0,002420,-0.14,-0.01
2017-08-30,6.93,6.92,6.95,6.87,24513.0,16975518.0,002420,0.0,0.0
2017-08-31,6.94,6.92,6.95,6.89,32039.0,22156660.0,002420,0.0,0.0
2017-09-01,6.93,6.95,6.97,6.89,27078.0,18750796.0,002420,0.43,0.03
2017-09-04,6.93,7.0,7.09,6.92,40692.0,28549894.0,002420,0.72,0.05
2017-09-05,7.0,7.1,7.17,7.0,39476.0,28031518.0,002420,1.43,0.1
2017-09-06,7.1,7.15,7.18,7.04,33858.0,24156954.0,002420,0.7,0.05
2017-09-07,7.15,7.05,7.17,7.02,30557.0,21662656.0,002420,-1.4,-0.1
2017-09-08,7.05,7.02,7.09,7.0,19843.0,13969744.0,002420,-0.43,-0.03
2017-09-11,7.01,7.11,7.11,7.01,28994.0,20497040.0,002420,1.28,0.09
2017-09-12,7.09,7.07,7.15,7.04,30515.0,21674984.0,002420,-0.56,-0.04
2017-09-13,7.07,7.11,7.11,7.04,17417.0,12336056.0,002420,0.57,0.04
2017-09-14,7.08,7.13,7.17,7.07,22478.0,16014007.0,002420,0.28,0.02
2017-09-15,7.12,7.05,7.12,7.02,17263.0,12201613.0,002420,-1.12,-0.08
2017-09-18,7.03,7.1,7.1,7.01,16801.0,11865774.0,002420,0.71,0.05
2017-09-19,7.08,7.05,7.14,7.03,18707.0,13261597.0,002420,-0.7,-0.05
2017-09-20,7.08,7.1,7.11,7.02,19676.0,13915143.0,002420,0.71,0.05
2017-09-21,7.11,7.04,7.15,7.03,19817.0,14066652.0,002420,-0.85,-0.06
2017-09-22,7.02,6.96,7.03,6.92,20162.0,14056737.0,002420,-1.14,-0.08
2017-09-25,6.93,6.89,7.0,6.89,18439.0,12782603.0,002420,-1.01,-0.07
2017-09-26,6.85,6.76,6.85,6.74,27958.0,19001096.0,002420,-1.89,-0.13
2017-09-27,6.75,6.83,6.85,6.73,13950.0,9488970.0,002420,1.04,0.07
2017-09-28,6.85,6.73,6.85,6.73,20409.0,13838988.0,002420,-1.46,-0.1
2017-09-29,6.77,6.83,6.85,6.72,19407.0,13176142.0,002420,1.49,0.1
2017-10-09,6.89,6.92,6.94,6.87,20996.0,14495943.0,002420,1.32,0.09
2017-10-10,6.95,7.0,7.02,6.92,18392.0,12823796.0,002420,1.16,0.08
2017-10-11,7.02,7.0,7.11,6.99,27719.0,19581278.0,002420,0.0,0.0
2017-10-12,7.0,7.08,7.08,6.92,25645.0,18011956.0,002420,1.14,0.08
2017-10-13,7.04,7.1,7.1,7.02,18102.0,12806117.0,002420,0.28,0.02
2017-10-16,7.0,6.68,7.0,6.66,70771.0,48096368.0,002420,-5.92,-0.42
2017-10-17,6.64,6.73,6.78,6.64,20494.0,13745538.0,002420,0.75,0.05
2017-10-18,6.73,6.67,6.78,6.67,18002.0,12121354.0,002420,-0.89,-0.06
2017-10-19,6.63,6.53,6.67,6.47,30873.0,20284732.0,002420,-2.1,-0.14
2017-10-20,6.54,6.68,6.7,6.49,17423.0,11522193.0,002420,2.3,0.15
2017-10-23,6.68,6.64,6.74,6.59,24489.0,16265603.0,002420,-0.6,-0.04
2017-10-24,6.64,6.59,6.67,6.54,13879.0,9163085.0,002420,-0.75,-0.05
2017-10-25,6.55,6.61,6.63,6.55,12573.0,8291400.0,002420,0.3,0.02
2017-10-26,6.63,6.61,6.65,6.57,24186.0,15987472.0,002420,0.0,0.0
2017-10-27,6.6,6.55,6.62,6.53,27378.0,17975548.0,002420,-0.91,-0.06
2017-10-31,6.29,6.24,6.29,6.14,48874.0,30445186.0,002420,-4.73,-0.31
2017-11-01,6.21,6.18,6.25,6.17,29555.0,18373750.0,002420,-0.96,-0.06
2017-11-02,6.11,5.95,6.14,5.93,57263.0,34543584.0,002420,-3.72,-0.23
2017-11-03,5.96,5.88,5.99,5.86,20990.0,12452775.0,002420,-1.18,-0.07
2017-11-06,5.83,5.97,5.98,5.83,22911.0,13511017.0,002420,1.53,0.09
2017-11-07,5.95,6.0,6.01,5.91,19748.0,11761426.0,002420,0.5,0.03
2017-11-08,6.0,6.03,6.1,5.97,18825.0,11378840.0,002420,0.5,0.03
2017-11-09,6.05,6.08,6.1,6.03,13768.0,8344189.0,002420,0.83,0.05
2017-11-10,6.08,6.07,6.1,6.05,15851.0,9623756.0,002420,-0.16,-0.01
2017-11-13,6.09,6.07,6.16,6.02,24625.0,14976178.0,002420,0.0,0.0
2017-11-14,6.09,5.98,6.09,5.92,27047.0,16215956.0,002420,-1.48,-0.09
2017-11-15,5.96,5.98,6.01,5.91,19931.0,11859282.0,002420,0.0,0.0
2017-11-16,5.95,5.95,6.01,5.91,14543.0,8679695.0,002420,-0.5,-0.03
2017-11-17,5.98,5.62,5.99,5.57,47724.0,27340630.0,002420,-5.55,-0.33
2017-11-20,5.58,5.62,5.62,5.34,23090.0,12743600.0,002420,0.0,0.0
2017-11-21,5.9,5.85,6.11,5.82,161505.0,96032648.0,002420,4.09,0.23
2017-11-22,5.77,5.71,5.77,5.4,84836.0,47827236.0,002420,-2.39,-0.14
2017-11-23,5.64,5.5,5.69,5.5,45204.0,25245328.0,002420,-3.68,-0.21
2017-11-24,5.46,5.53,5.56,5.41,24210.0,13359977.0,002420,0.55,0.03
2017-11-27,5.5,5.49,5.61,5.43,22871.0,12630601.0,002420,-0.72,-0.04
2017-11-28,5.47,5.6,5.6,5.47,22757.0,12621724.0,002420,2.0,0.11
2017-11-29,5.59,5.59,5.62,5.54,15661.0,8723423.0,002420,-0.18,-0.01
2017-11-30,5.57,5.59,5.61,5.53,12683.0,7069089.5,002420,0.0,0.0
2017-12-01,5.59,5.6,5.61,5.5,20759.0,11564541.0,002420,0.18,0.01
2017-12-04,5.59,5.47,5.61,5.46,25926.0,14336569.0,002420,-2.32,-0.13
2017-12-05,5.43,5.22,5.49,5.17,41078.0,21813538.0,002420,-4.57,-0.25
2017-12-06,5.22,5.29,5.3,5.18,18338.0,9603600.0,002420,1.34,0.07
2017-12-07,5.26,5.27,5.36,5.24,21935.0,11573907.0,002420,-0.38,-0.02
2017-12-08,5.27,5.34,5.37,5.25,18877.0,10076617.0,002420,1.33,0.07
2017-12-11,5.34,5.38,5.38,5.31,12232.0,6550121.0,002420,0.75,0.04
2017-12-12,5.38,5.29,5.4,5.28,17125.0,9140566.0,002420,-1.67,-0.09
2017-12-13,5.27,5.33,5.36,5.26,20530.0,10929731.0,002420,0.76,0.04
2017-12-14,5.31,5.36,5.38,5.3,17811.0,9515276.0,002420,0.56,0.03
2017-12-15,5.35,5.38,5.4,5.29,20299.0,10852888.0,002420,0.37,0.02
2017-12-18,5.35,5.28,5.38,5.26,19291.0,10257804.0,002420,-1.86,-0.1
2017-12-19,5.27,5.38,5.45,5.26,18240.0,9759290.0,002420,1.89,0.1
2017-12-20,5.4,5.29,5.4,5.27,15054.0,8007312.0,002420,-1.67,-0.09
2017-12-21,5.24,5.26,5.29,5.16,25762.0,13458808.0,002420,-0.57,-0.03
2017-12-22,5.25,5.2,5.27,5.2,17842.0,9349519.0,002420,-1.14,-0.06
2017-12-25,5.2,5.1,5.22,5.07,26604.0,13645273.0,002420,-1.92,-0.1
2017-12-26,5.1,5.18,5.2,5.05,21076.0,10826891.0,002420,1.57,0.08
2017-12-27,5.16,5.22,5.23,5.16,16496.0,8575807.0,002420,0.77,0.04
2017-12-28,5.2,5.21,5.25,5.13,17809.0,9286964.0,002420,-0.19,-0.01
2017-12-29,5.2,5.27,5.28,5.19,11974.0,6272304.5,002420,1.15,0.06
2018-01-02,5.26,5.28,5.32,5.22,21430.0,11300378.0,002420,0.19,0.01
2018-01-03,5.29,5.35,5.35,5.27,24906.0,13231997.0,002420,1.33,0.07
2018-01-04,5.34,5.35,5.38,5.3,16839.0,9001700.0,002420,0.0,0.0
2018-01-05,5.35,5.38,5.38,5.32,19010.0,10193330.0,002420,0.56,0.03
2018-01-08,5.37,5.33,5.37,5.29,13549.0,7212284.0,002420,-0.93,-0.05
2018-01-09,5.31,5.31,5.38,5.29,23695.0,12653145.0,002420,-0.38,-0.02
2018-01-10,5.31,5.23,5.31,5.19,17039.0,8955728.0,002420,-1.51,-0.08
2018-01-11,5.21,5.31,5.33,5.18,21479.0,11319574.0,002420,1.53,0.08
2018-01-12,5.3,5.23,5.38,5.23,33474.0,17768354.0,002420,-1.51,-0.08
2018-01-15,5.24,5.03,5.24,5.02,23823.0,12258139.0,002420,-3.82,-0.2
2018-01-16,5.03,5.1,5.11,5.0,19384.0,9812170.0,002420,1.39,0.07
2018-01-17,5.08,5.09,5.1,5.0,13616.0,6875444.5,002420,-0.2,-0.01
2018-01-18,5.06,5.07,5.14,5.06,13408.0,6831279.0,002420,-0.39,-0.02
2018-01-19,5.07,5.1,5.15,5.05,19985.0,10205306.0,002420,0.59,0.03
2018-01-22,5.06,5.12,5.16,5.03,21139.0,10778378.0,002420,0.39,0.02
2018-01-23,5.12,5.14,5.14,5.08,22449.0,11483925.0,002420,0.39,0.02
2018-01-24,5.13,5.13,5.15,5.07,19645.0,10046143.0,002420,-0.19,-0.01
2018-01-25,5.14,5.15,5.2,5.12,24554.0,12670928.0,002420,0.39,0.02
2018-01-26,5.12,5.12,5.19,5.1,18748.0,9614219.0,002420,-0.58,-0.03
2018-01-29,5.11,5.03,5.14,5.02,18821.0,9541261.0,002420,-1.76,-0.09
2018-01-30,5.05,4.98,5.05,4.97,20186.0,10088152.0,002420,-0.99,-0.05
2018-01-31,4.9,4.68,4.9,4.64,50439.0,24081308.0,002420,-6.02,-0.3
2018-02-01,4.68,4.39,4.7,4.3,53827.0,24153040.0,002420,-6.2,-0.29
2018-02-02,4.34,4.3,4.36,4.15,25893.0,11034885.0,002420,-2.05,-0.09
2018-02-05,4.26,4.24,4.35,4.2,20568.0,8783944.0,002420,-1.4,-0.06
2018-02-06,4.18,3.96,4.18,3.91,41964.0,17230700.0,002420,-6.6,-0.28
2018-02-07,4.03,4.04,4.1,3.9,28404.0,11378927.0,002420,2.02,0.08
2018-02-08,4.03,4.12,4.19,4.03,29261.0,12096636.0,002420,1.98,0.08
2018-02-09,4.06,4.25,4.28,4.0,39972.0,16541183.0,002420,3.16,0.13
2018-02-12,4.23,4.28,4.33,4.17,28770.0,12284817.0,002420,0.71,0.03
2018-02-13,4.28,4.21,4.31,4.21,17477.0,7447060.0,002420,-1.64,-0.07
2018-02-14,4.23,4.25,4.27,4.2,11068.0,4684021.0,002420,0.95,0.04
2018-02-22,4.27,4.33,4.36,4.23,23789.0,10212049.0,002420,1.88,0.08
2018-02-23,4.34,4.31,4.36,4.27,20791.0,8976557.0,002420,-0.46,-0.02
2018-02-26,4.31,4.38,4.4,4.3,19228.0,8382507.0,002420,1.62,0.07
2018-02-27,4.36,4.38,4.44,4.36,14817.0,6511641.5,002420,0.0,0.0
2018-02-28,4.35,4.39,4.41,4.32,12799.0,5601837.0,002420,0.23,0.01
2018-03-01,4.35,4.47,4.5,4.34,20501.0,9130429.0,002420,1.82,0.08
2018-03-02,4.42,4.47,4.52,4.42,16920.0,7580419.0,002420,0.0,0.0
2018-03-05,4.48,4.49,4.54,4.45,13533.0,6080295.5,002420,0.45,0.02
2018-03-06,4.52,4.55,4.57,4.48,16337.0,7409873.5,002420,1.34,0.06
2018-03-07,4.55,4.51,4.56,4.49,13618.0,6157206.0,002420,-0.88,-0.04
2018-03-08,4.51,4.55,4.56,4.48,13850.0,6267784.5,002420,0.89,0.04
2018-03-09,4.56,4.63,4.65,4.53,17837.0,8199520.0,002420,1.76,0.08
2018-03-12,4.62,4.67,4.69,4.6,25053.0,11639598.0,002420,0.86,0.04
2018-03-13,4.68,4.68,4.74,4.65,23963.0,11267890.0,002420,0.21,0.01
2018-03-14,4.7,4.6,4.73,4.55,28702.0,13326281.0,002420,-1.71,-0.08
2018-03-15,4.55,4.54,4.57,4.46,25653.0,11582460.0,002420,-1.3,-0.06
2018-03-16,4.51,4.64,4.64,4.5,33294.0,15273998.0,002420,2.2,0.1
2018-03-19,4.62,4.62,4.63,4.58,16846.0,7756147.5,002420,-0.43,-0.02
2018-03-20,4.55,4.79,4.84,4.53,60102.0,28395812.0,002420,3.68,0.17
2018-03-21,4.73,4.62,4.77,4.61,46931.0,22050050.0,002420,-3.55,-0.17
2018-03-22,4.62,4.67,4.7,4.56,31663.0,14673144.0,002420,1.08,0.05
2018-03-23,4.57,4.35,4.57,4.29,40013.0,17733028.0,002420,-6.85,-0.32
2018-03-26,4.31,4.5,4.5,4.08,34344.0,14779642.0,002420,3.45,0.15
2018-03-27,4.67,4.69,4.73,4.5,45166.0,20874368.0,002420,4.22,0.19
2018-03-28,4.6,4.77,4.8,4.6,39822.0,18705326.0,002420,1.71,0.08
2018-03-29,4.75,4.79,4.98,4.71,124664.0,60412892.0,002420,0.42,0.02
2018-03-30,4.71,4.7,4.77,4.66,66441.0,31221262.0,002420,-1.88,-0.09
2018-04-02,4.83,4.72,4.83,4.69,38933.0,18550754.0,002420,0.43,0.02
2018-04-03,4.7,4.64,4.7,4.6,25122.0,11681410.0,002420,-1.69,-0.08
2018-04-04,4.65,4.67,4.72,4.63,20287.0,9504734.0,002420,0.65,0.03
2018-04-09,4.66,4.61,4.68,4.6,21665.0,10031467.0,002420,-1.28,-0.06
2018-04-10,4.61,4.63,4.64,4.53,26789.0,12332939.0,002420,0.43,0.02
2018-04-11,4.65,4.65,4.66,4.61,14259.0,6615417.0,002420,0.43,0.02
2018-04-12,4.65,4.66,4.68,4.59,17815.0,8257736.5,002420,0.22,0.01
2018-04-13,4.65,4.58,4.69,4.58,18197.0,8404695.0,002420,-1.72,-0.08
2018-04-16,4.58,4.44,4.58,4.41,30273.0,13586346.0,002420,-3.06,-0.14
2018-04-17,4.44,4.37,4.5,4.37,17163.0,7618238.0,002420,-1.58,-0.07
2018-04-18,4.42,4.51,4.57,4.42,33744.0,15120217.0,002420,3.2,0.14
2018-04-19,4.56,4.68,4.8,4.52,57429.0,26628424.0,002420,3.77,0.17
2018-04-20,4.61,4.5,4.72,4.5,43086.0,19829596.0,002420,-3.85,-0.18
2018-04-23,4.5,4.44,4.53,4.39,22534.0,10055448.0,002420,-1.33,-0.06
2018-04-24,4.47,4.61,4.75,4.4,46459.0,21328752.0,002420,3.83,0.17
2018-04-25,4.63,4.77,4.94,4.6,76721.0,36438216.0,002420,3.47,0.16
2018-04-26,4.76,4.76,4.92,4.76,73639.0,35716568.0,002420,-0.21,-0.01
2018-04-27,4.8,4.84,4.89,4.72,35688.0,17237776.0,002420,1.68,0.08
2018-05-02,4.88,4.71,4.89,4.71,32234.0,15425583.0,002420,-2.69,-0.13
2018-05-03,4.71,5.03,5.12,4.71,98203.0,48498388.0,002420,6.79,0.32
2018-05-04,4.99,4.84,5.0,4.83,59704.0,29297822.0,002420,-3.78,-0.19
2018-05-07,4.82,4.82,4.89,4.8,52096.0,25157874.0,002420,-0.41,-0.02
2018-05-08,4.82,4.85,4.88,4.78,39348.0,19022064.0,002420,0.62,0.03
2018-05-09,4.84,4.92,4.92,4.82,39116.0,19099464.0,002420,1.44,0.07
2018-05-10,4.91,4.9,4.91,4.85,22916.0,11179646.0,002420,-0.41,-0.02
2018-05-11,4.89,4.91,5.12,4.83,59883.0,29820968.0,002420,0.2,0.01
2018-05-14,4.87,4.79,4.9,4.78,32475.0,15628664.0,002420,-2.44,-0.12
2018-05-15,4.79,4.84,4.84,4.75,14622.0,7009749.0,002420,1.04,0.05
2018-05-16,4.83,4.79,4.83,4.76,18468.0,8847400.0,002420,-1.03,-0.05
2018-05-17,4.8,4.74,4.8,4.72,16731.0,7953636.0,002420,-1.04,-0.05
2018-05-18,4.73,4.8,4.81,4.7,19844.0,9443148.0,002420,1.27,0.06
2018-05-21,4.82,4.86,4.88,4.8,21070.0,10217293.0,002420,1.25,0.06
2018-05-22,4.85,4.86,4.86,4.81,16407.0,7940134.0,002420,0.0,0.0
2018-05-23,4.86,4.78,4.86,4.77,17777.0,8571744.0,002420,-1.65,-0.08
2018-05-24,4.82,4.76,4.82,4.74,15638.0,7445666.0,002420,-0.42,-0.02
2018-05-25,4.74,4.7,4.77,4.7,14553.0,6881297.0,002420,-1.26,-0.06
2018-05-28,4.71,4.61,4.74,4.56,15095.0,6995459.0,002420,-1.91,-0.09
2018-05-29,4.61,4.56,4.64,4.56,10398.0,4783297.5,002420,-1.08,-0.05
2018-05-30,4.53,4.31,4.56,4.29,19705.0,8713469.0,002420,-5.48,-0.25
2018-05-31,4.32,4.38,4.41,4.3,17071.0,7447606.0,002420,1.62,0.07
2018-06-01,4.35,4.39,4.49,4.34,13480.0,5976149.0,002420,0.23,0.01
2018-06-04,4.48,4.4,4.48,4.39,9332.0,4122843.25,002420,0.23,0.01
2018-06-05,4.4,4.44,4.46,4.38,14410.0,6364942.0,002420,0.91,0.04
2018-06-06,4.45,4.48,4.49,4.44,11898.0,5318924.5,002420,0.9,0.04
2018-06-07,4.48,4.36,4.53,4.33,22341.0,9836703.0,002420,-2.68,-0.12
2018-06-08,4.39,4.31,4.39,4.23,21311.0,9137578.0,002420,-1.15,-0.05
2018-06-11,4.28,4.32,4.35,4.26,8909.0,3841082.0,002420,0.23,0.01
2018-06-12,4.27,4.32,4.33,4.21,14002.0,5970160.0,002420,0.0,0.0
2018-06-13,4.28,4.2,4.32,4.19,10566.0,4506008.0,002420,-2.78,-0.12
2018-06-14,4.21,4.21,4.3,4.18,7902.0,3340085.0,002420,0.24,0.01
2018-06-15,4.22,4.21,4.26,4.04,22407.0,9317535.0,002420,0.0,0.0
2018-06-19,4.15,3.86,4.15,3.79,27815.0,10969134.0,002420,-8.31,-0.35
2018-06-20,3.86,3.91,3.95,3.82,17871.0,6958523.5,002420,1.3,0.05
2018-06-21,3.95,3.76,3.95,3.76,16321.0,6313109.0,002420,-3.84,-0.15
2018-06-22,3.76,3.85,3.86,3.7,11451.0,4366138.0,002420,2.39,0.09
2018-06-25,3.86,3.88,3.95,3.86,14295.0,5577182.5,002420,0.78,0.03
2018-06-26,3.85,4.14,4.14,3.83,22787.0,9111109.0,002420,6.7,0.26
2018-06-27,4.1,4.03,4.13,4.0,20867.0,8463639.0,002420,-2.66,-0.11
2018-06-28,4.03,4.0,4.09,3.99,13082.0,5275234.0,002420,-0.74,-0.03
2018-06-29,4.02,4.11,4.11,4.02,14265.0,5799126.0,002420,2.75,0.11
2018-07-02,4.11,4.06,4.12,4.03,14876.0,6063542.0,002420,-1.22,-0.05
2018-07-03,4.06,4.12,4.12,4.03,16341.0,6671356.0,002420,1.48,0.06
2018-07-04,4.12,4.08,4.12,4.03,9523.0,3877211.0,002420,-0.97,-0.04
2018-07-05,4.07,3.94,4.1,3.91,15149.0,6036483.5,002420,-3.43,-0.14
2018-07-06,3.94,3.94,4.03,3.85,12417.0,4915937.0,002420,0.0,0.0
2018-07-09,3.95,4.03,4.03,3.91,9909.0,3945361.0,002420,2.28,0.09
2018-07-10,4.03,4.01,4.05,3.97,9859.0,3950687.5,002420,-0.5,-0.02
2018-07-11,3.95,3.9,3.99,3.85,10155.0,3968333.75,002420,-2.74,-0.11
2018-07-12,3.89,4.01,4.03,3.86,18350.0,7313042.0,002420,2.82,0.11
2018-07-13,4.0,4.04,4.07,3.98,8533.0,3425266.25,002420,0.75,0.03
2018-07-16,3.99,3.98,4.03,3.93,19956.0,7926244.0,002420,-1.49,-0.06
2018-07-17,3.96,4.0,4.02,3.94,12425.0,4952451.0,002420,0.5,0.02
2018-07-18,4.0,3.98,4.04,3.96,15823.0,6334915.0,002420,-0.5,-0.02
2018-07-19,3.97,3.9,3.99,3.9,10066.0,3972713.0,002420,-2.01,-0.08
2018-07-20,3.91,3.99,4.03,3.9,14722.0,5852780.0,002420,2.31,0.09
2018-07-23,3.99,4.09,4.14,3.96,23701.0,9627974.0,002420,2.51,0.1
2018-07-24,4.06,4.14,4.16,4.02,25548.0,10497417.0,002420,1.22,0.05
2018-07-25,4.18,4.13,4.18,4.09,13488.0,5553807.5,002420,-0.24,-0.01
2018-07-26,4.15,4.22,4.27,4.07,39185.0,16495426.0,002420,2.18,0.09
2018-07-27,4.26,4.32,4.41,4.17,40212.0,17213666.0,002420,2.37,0.1
2018-07-30,4.29,4.17,4.34,4.11,24377.0,10240115.0,002420,-3.47,-0.15
2018-07-31,4.17,4.2,4.28,4.13,14133.0,5944465.0,002420,0.72,0.03
2018-08-01,4.21,4.12,4.24,4.12,13080.0,5450192.5,002420,-1.9,-0.08
2018-08-02,4.11,3.98,4.15,3.9,19215.0,7705547.0,002420,-3.4,-0.14
2018-08-03,4.0,3.95,4.02,3.94,14185.0,5637470.0,002420,-0.75,-0.03
2018-08-06,3.95,3.92,4.0,3.89,14649.0,5770766.0,002420,-0.76,-0.03
2018-08-07,3.92,4.04,4.04,3.9,14927.0,5949388.5,002420,3.06,0.12
2018-08-08,4.05,4.03,4.09,3.99,12584.0,5090940.0,002420,-0.25,-0.01
2018-08-09,4.03,4.18,4.19,4.03,20982.0,8706654.0,002420,3.72,0.15
2018-08-10,4.2,4.27,4.34,4.2,69141.0,29488980.0,002420,2.15,0.09
2018-08-13,4.19,4.27,4.27,4.11,25513.0,10682963.0,002420,0.0,0.0
2018-08-14,4.22,4.13,4.27,4.06,32655.0,13567150.0,002420,-3.28,-0.14
2018-08-15,4.12,4.04,4.12,4.03,19202.0,7822490.5,002420,-2.18,-0.09
2018-08-16,4.01,4.0,4.04,3.95,14893.0,5960849.5,002420,-0.99,-0.04
2018-08-17,4.04,3.92,4.05,3.9,18689.0,7406153.0,002420,-2.0,-0.08
2018-08-20,3.91,3.88,3.97,3.84,22852.0,8890208.0,002420,-1.02,-0.04
2018-08-21,3.9,4.0,4.18,3.87,47168.0,18796328.0,002420,3.09,0.12
2018-08-22,3.96,3.88,3.97,3.88,26500.0,10372341.0,002420,-3.0,-0.12
2018-08-23,3.88,3.91,3.93,3.87,15323.0,5980254.5,002420,0.77,0.03
2018-08-24,3.9,3.91,3.95,3.89,11468.0,4485692.0,002420,0.0,0.0
2018-08-27,3.87,3.93,3.96,3.85,19257.0,7533728.0,002420,0.51,0.02
2018-08-28,3.91,3.92,3.95,3.91,11950.0,4692524.0,002420,-0.25,-0.01
2018-08-29,3.91,3.89,3.93,3.88,12075.0,4709799.0,002420,-0.77,-0.03
2018-08-30,3.9,3.8,3.9,3.79,14179.0,5461942.0,002420,-2.31,-0.09
2018-08-31,3.8,3.71,3.86,3.42,22239.0,8415852.0,002420,-2.37,-0.09
2018-09-03,3.7,3.81,3.9,3.6,23152.0,8731853.0,002420,2.7,0.1
2018-09-04,3.78,3.81,3.85,3.76,16146.0,6135231.0,002420,0.0,0.0
2018-09-05,3.79,3.8,3.89,3.77,11783.0,4528714.0,002420,-0.26,-0.01
2018-09-06,3.79,3.76,3.83,3.75,8272.0,3130931.5,002420,-1.05,-0.04
2018-09-07,3.77,3.75,3.81,3.73,8204.0,3090915.75,002420,-0.27,-0.01
2018-09-10,3.75,3.66,3.78,3.65,15300.0,5702301.0,002420,-2.4,-0.09
2018-09-11,3.67,3.72,3.85,3.66,24852.0,9367274.0,002420,1.64,0.06
2018-09-12,3.73,3.72,3.76,3.68,15064.0,5599232.0,002420,0.0,0.0
2018-09-13,3.72,3.73,3.76,3.7,13632.0,5071421.0,002420,0.27,0.01
2018-09-14,3.74,3.68,3.76,3.67,14732.0,5478877.5,002420,-1.34,-0.05
2018-09-17,3.66,3.57,3.67,3.56,12711.0,4590417.0,002420,-2.99,-0.11
2018-09-18,3.6,3.63,3.65,3.56,19363.0,6987406.0,002420,1.68,0.06
2018-09-19,3.65,3.68,3.71,3.61,13876.0,5086912.0,002420,1.38,0.05
2018-09-20,3.7,3.69,3.73,3.67,7949.0,2932644.25,002420,0.27,0.01
2018-09-21,3.74,3.76,3.78,3.67,16951.0,6323994.0,002420,1.9,0.07
2018-09-25,3.76,3.77,3.79,3.75,13234.0,4989630.0,002420,0.27,0.01
2018-09-26,3.77,3.77,3.81,3.76,8765.0,3319271.75,002420,0.0,0.0
2018-09-27,3.83,3.71,3.83,3.71,15910.0,5978146.0,002420,-1.59,-0.06
2018-09-28,3.69,3.75,3.75,3.69,9268.0,3464664.5,002420,1.08,0.04
2018-10-08,3.73,3.57,3.75,3.52,12505.0,4561618.5,002420,-4.8,-0.18
2018-10-09,3.63,3.6,3.66,3.58,10861.0,3927850.0,002420,0.84,0.03
2018-10-10,3.6,3.6,3.66,3.59,8413.0,3054021.25,002420,0.0,0.0
2018-10-11,3.57,3.3,3.57,3.25,26383.0,8863026.0,002420,-8.33,-0.3
2018-10-12,3.26,3.22,3.31,3.1,19205.0,6151876.5,002420,-2.42,-0.08
2018-10-15,3.22,3.04,3.25,3.01,32416.0,10119920.0,002420,-5.59,-0.18
2018-10-16,3.04,3.01,3.08,2.9,24709.0,7470179.0,002420,-0.99,-0.03
2018-10-17,3.0,3.05,3.1,2.97,15334.0,4632683.0,002420,1.33,0.04
2018-10-18,3.02,2.99,3.03,2.95,12625.0,3771737.0,002420,-1.97,-0.06
2018-10-19,2.96,3.01,3.04,2.87,17692.0,5246140.5,002420,0.67,0.02
2018-10-22,3.08,3.18,3.27,3.04,48820.0,15450930.0,002420,5.65,0.17
2018-10-23,3.17,3.22,3.3,3.15,51673.0,16694701.0,002420,1.26,0.04
2018-10-24,3.2,3.21,3.25,3.17,20111.0,6474146.0,002420,-0.31,-0.01
2018-10-25,3.15,3.2,3.21,3.05,17428.0,5475406.0,002420,-0.31,-0.01
2018-10-26,3.21,3.24,3.31,3.21,22228.0,7240059.0,002420,1.25,0.04
2018-10-29,3.22,3.19,3.23,3.17,9174.0,2929276.0,002420,-1.54,-0.05
2018-10-30,3.2,3.25,3.29,3.13,28484.0,9139888.0,002420,1.88,0.06
2018-10-31,3.25,3.29,3.36,3.2,39960.0,13200268.0,002420,1.23,0.04
2018-11-01,3.29,3.26,3.33,3.25,22058.0,7272774.5,002420,-0.91,-0.03
2018-11-02,3.32,3.35,3.36,3.29,27790.0,9244725.0,002420,2.76,0.09
2018-11-05,3.34,3.69,3.69,3.33,113588.0,41333880.0,002420,10.15,0.34
2018-11-06,3.75,3.57,3.85,3.57,149113.0,55503132.0,002420,-3.25,-0.12
2018-11-07,3.52,3.44,3.73,3.44,107039.0,38229816.0,002420,-3.64,-0.13
2018-11-08,3.78,3.78,3.78,3.78,40305.0,15235290.0,002420,9.88,0.34
2018-11-09,4.16,4.16,4.16,4.1,184287.0,76650808.0,002420,10.05,0.38
2018-11-12,4.3,4.01,4.37,3.94,311520.0,128877584.0,002420,-3.61,-0.15
2018-11-13,3.92,4.08,4.18,3.92,233706.0,94387352.0,002420,1.75,0.07
2018-11-14,4.01,3.9,4.09,3.88,158095.0,62629072.0,002420,-4.41,-0.18
2018-11-15,3.88,3.92,3.94,3.86,88210.0,34407192.0,002420,0.51,0.02
2018-11-16,3.91,3.94,3.98,3.86,79916.0,31372040.0,002420,0.51,0.02
2018-11-19,3.89,3.87,3.94,3.8,68690.0,26483114.0,002420,-1.78,-0.07
2018-11-20,3.89,3.86,3.94,3.83,59628.0,23219164.0,002420,-0.26,-0.01
2018-11-21,3.76,3.88,3.88,3.73,48839.0,18629280.0,002420,0.52,0.02
2018-11-22,3.86,3.87,3.91,3.8,41315.0,15897482.0,002420,-0.26,-0.01
2018-11-23,3.87,3.54,3.88,3.52,58797.0,21541052.0,002420,-8.53,-0.33
2018-11-26,3.57,3.57,3.63,3.54,30693.0,10981612.0,002420,0.85,0.03
2018-11-27,3.59,3.6,3.63,3.56,30165.0,10846615.0,002420,0.84,0.03
2018-11-28,3.6,3.67,3.67,3.51,30570.0,11033494.0,002420,1.94,0.07
2018-11-29,3.7,3.54,3.71,3.53,29721.0,10868704.0,002420,-3.54,-0.13
2018-11-30,3.57,3.61,3.63,3.36,40519.0,14217249.0,002420,1.98,0.07
2018-12-03,3.64,3.7,3.72,3.64,34155.0,12577476.0,002420,2.49,0.09
2018-12-04,3.71,3.75,3.77,3.67,34469.0,12857530.0,002420,1.35,0.05
2018-12-05,3.67,3.84,3.84,3.62,48211.0,17918562.0,002420,2.4,0.09
2018-12-06,3.77,3.75,3.77,3.64,35483.0,13175942.0,002420,-2.34,-0.09
2018-12-07,3.72,3.78,3.85,3.68,42279.0,15898102.0,002420,0.8,0.03
2018-12-10,3.75,3.76,3.76,3.66,21050.0,7836257.0,002420,-0.53,-0.02
2018-12-11,3.78,3.8,3.82,3.72,20566.0,7758138.0,002420,1.06,0.04
2018-12-12,3.8,3.91,4.0,3.78,52724.0,20383394.0,002420,2.89,0.11
2018-12-13,3.9,3.8,4.08,3.74,129650.0,50133164.0,002420,-2.81,-0.11
2018-12-14,3.74,3.57,3.74,3.55,56057.0,20402004.0,002420,-6.05,-0.23
2018-12-17,3.59,3.52,3.59,3.48,21778.0,7702351.0,002420,-1.4,-0.05
2018-12-18,3.53,3.51,3.57,3.49,17660.0,6229367.0,002420,-0.28,-0.01
2018-12-19,3.51,3.49,3.54,3.47,24278.0,8492015.0,002420,-0.57,-0.02
2018-12-20,3.48,3.58,3.61,3.43,30532.0,10755788.0,002420,2.58,0.09
2018-12-21,3.53,3.47,3.55,3.43,26276.0,9162883.0,002420,-3.07,-0.11
2018-12-24,3.48,3.5,3.56,3.48,26073.0,9177856.0,002420,0.86,0.03
2018-12-25,3.48,3.45,3.53,3.33,25273.0,8610295.0,002420,-1.43,-0.05
2018-12-26,3.46,3.45,3.47,3.36,30991.0,10588791.0,002420,0.0,0.0
2018-12-27,3.45,3.29,3.5,3.29,28442.0,9666405.0,002420,-4.64,-0.16
2018-12-28,3.29,3.29,3.36,3.25,23185.0,7671326.0,002420,0.0,0.0
2019-01-02,3.32,3.34,3.36,3.29,19029.0,6327842.0,002420,1.52,0.05
2019-01-03,3.35,3.3,3.4,3.3,19935.0,6676586.5,002420,-1.2,-0.04
2019-01-04,3.29,3.38,3.38,3.2,35824.0,11832319.0,002420,2.42,0.08
2019-01-07,3.38,3.46,3.49,3.37,29448.0,10165826.0,002420,2.37,0.08
2019-01-08,3.49,3.5,3.54,3.46,21515.0,7529687.0,002420,1.16,0.04
2019-01-09,3.53,3.51,3.58,3.46,35072.0,12378810.0,002420,0.29,0.01
2019-01-10,3.51,3.48,3.58,3.48,27691.0,9786690.0,002420,-0.85,-0.03
2019-01-11,3.49,3.54,3.54,3.48,22965.0,8046407.0,002420,1.72,0.06
2019-01-14,3.53,3.5,3.56,3.48,19790.0,6965035.5,002420,-1.13,-0.04
2019-01-15,3.52,3.57,3.58,3.52,20337.0,7220990.5,002420,2.0,0.07
2019-01-16,3.6,3.54,3.61,3.52,20173.0,7180548.5,002420,-0.84,-0.03
2019-01-17,3.54,3.49,3.54,3.45,20630.0,7228216.0,002420,-1.41,-0.05
2019-01-18,3.45,3.53,3.56,3.45,23816.0,8411156.0,002420,1.15,0.04
2019-01-21,3.58,3.55,3.59,3.53,14823.0,5277205.0,002420,0.57,0.02
2019-01-22,3.57,3.48,3.57,3.45,21261.0,7432918.5,002420,-1.97,-0.07
2019-01-23,3.47,3.49,3.53,3.44,15824.0,5513502.5,002420,0.29,0.01
2019-01-24,3.51,3.48,3.53,3.47,23674.0,8278778.0,002420,-0.29,-0.01
2019-01-25,3.5,3.34,3.5,3.33,26876.0,9183181.0,002420,-4.02,-0.14
2019-01-28,3.37,3.25,3.39,3.22,26537.0,8757726.0,002420,-2.69,-0.09
2019-01-29,3.24,3.2,3.27,3.17,19931.0,6407619.0,002420,-1.54,-0.05
2019-01-30,3.18,3.11,3.2,3.1,19729.0,6218406.5,002420,-2.81,-0.09
2019-01-31,3.01,2.98,3.11,2.91,34549.0,10473194.0,002420,-4.18,-0.13
2019-02-01,2.98,3.06,3.07,2.98,22488.0,6820475.5,002420,2.68,0.08
2019-02-11,3.1,3.14,3.16,3.08,21874.0,6845938.0,002420,2.61,0.08
2019-02-12,3.14,3.21,3.25,3.14,30597.0,9809022.0,002420,2.23,0.07
2019-02-13,3.4,3.36,3.53,3.35,121255.0,41520424.0,002420,4.67,0.15
2019-02-14,3.24,3.35,3.39,3.24,78283.0,25924028.0,002420,-0.3,-0.01
2019-02-15,3.33,3.31,3.35,3.3,45312.0,15075622.0,002420,-1.19,-0.04
2019-02-18,3.31,3.38,3.4,3.31,51643.0,17388126.0,002420,2.11,0.07
2019-02-19,3.39,3.42,3.48,3.36,57662.0,19728088.0,002420,1.18,0.04
2019-02-20,3.41,3.47,3.69,3.4,68081.0,23810512.0,002420,1.46,0.05
2019-02-21,3.5,3.44,3.52,3.4,56852.0,19708652.0,002420,-0.86,-0.03
2019-02-22,3.41,3.47,3.49,3.41,48518.0,16714696.0,002420,0.87,0.03
2019-02-25,3.49,3.6,3.62,3.49,77773.0,27703484.0,002420,3.75,0.13
2019-02-26,3.6,3.61,3.75,3.56,86187.0,31381800.0,002420,0.28,0.01
2019-02-27,3.62,3.64,3.72,3.6,56755.0,20753324.0,002420,0.83,0.03
2019-02-28,3.77,3.68,3.77,3.64,73400.0,27206586.0,002420,1.1,0.04
2019-03-01,3.66,3.69,3.75,3.66,41886.0,15517632.0,002420,0.27,0.01
2019-03-04,4.06,4.06,4.06,4.0,127392.0,51719516.0,002420,10.03,0.37
2019-03-05,4.46,4.47,4.47,4.28,125805.0,56068568.0,002420,10.1,0.41
2019-03-06,4.92,4.92,4.92,4.8,192065.0,94462264.0,002420,10.07,0.45
2019-03-07,5.18,5.41,5.41,5.0,697850.0,361455936.0,002420,9.96,0.49
2019-03-08,4.87,4.87,5.15,4.87,362291.0,179746368.0,002420,-9.98,-0.54
2019-03-11,4.6,4.69,4.85,4.38,281988.0,128690880.0,002420,-3.7,-0.18
2019-03-12,4.64,4.77,4.81,4.56,246907.0,116453168.0,002420,1.71,0.08
2019-03-13,4.7,4.47,4.7,4.42,186045.0,84888672.0,002420,-6.29,-0.3
2019-03-14,4.44,4.26,4.51,4.15,134126.0,57623124.0,002420,-4.7,-0.21
2019-03-15,4.31,4.32,4.43,4.24,107415.0,46616920.0,002420,1.41,0.06
2019-03-18,4.36,4.37,4.38,4.22,98735.0,42547076.0,002420,1.16,0.05
2019-03-19,4.37,4.33,4.44,4.3,90814.0,39612820.0,002420,-0.92,-0.04
2019-03-20,4.33,4.39,4.39,4.2,112154.0,48256160.0,002420,1.39,0.06
2019-03-21,4.42,4.48,4.59,4.39,170849.0,76587424.0,002420,2.05,0.09
2019-03-22,4.46,4.66,4.72,4.41,192322.0,88167728.0,002420,4.02,0.18
2019-03-25,4.58,4.43,4.64,4.42,152783.0,68969936.0,002420,-4.94,-0.23
2019-03-26,4.34,4.21,4.4,4.02,178598.0,75257912.0,002420,-4.97,-0.22
2019-03-27,4.15,4.12,4.18,4.03,100457.0,41170552.0,002420,-2.14,-0.09
2019-03-28,4.09,3.9,4.1,3.89,111287.0,44407832.0,002420,-5.34,-0.22
2019-03-29,3.9,4.04,4.06,3.88,91339.0,36353300.0,002420,3.59,0.14
2019-04-01,4.14,4.3,4.33,4.11,125925.0,53488780.0,002420,6.44,0.26
2019-04-02,4.33,4.31,4.48,4.3,141249.0,61731140.0,002420,0.23,0.01
2019-04-03,4.32,4.34,4.42,4.29,90074.0,39266004.0,002420,0.7,0.03
2019-04-04,4.35,4.35,4.45,4.31,103990.0,45372408.0,002420,0.23,0.01
2019-04-08,4.38,4.28,4.41,4.21,90107.0,38852560.0,002420,-1.61,-0.07
2019-04-09,4.28,4.37,4.41,4.26,85687.0,37279620.0,002420,2.1,0.09
2019-04-10,4.33,4.31,4.41,4.26,97817.0,42519604.0,002420,-1.37,-0.06
2019-04-11,4.34,4.26,4.38,4.21,91500.0,39518184.0,002420,-1.16,-0.05
2019-04-12,4.25,4.23,4.27,4.12,78678.0,33023700.0,002420,-0.7,-0.03
2019-04-15,4.27,4.25,4.39,4.23,90747.0,39179216.0,002420,0.47,0.02
2019-04-16,4.26,4.26,4.27,4.12,72293.0,30334326.0,002420,0.24,0.01
2019-04-17,4.27,4.31,4.31,4.22,77742.0,33240082.0,002420,1.17,0.05
2019-04-18,4.29,4.35,4.39,4.27,113925.0,49615360.0,002420,0.93,0.04
2019-04-19,4.35,4.3,4.35,4.22,80146.0,34254592.0,002420,-1.15,-0.05
2019-04-22,4.28,4.15,4.33,4.11,76560.0,32355270.0,002420,-3.49,-0.15
2019-04-23,4.13,4.03,4.16,4.02,67143.0,27350566.0,002420,-2.89,-0.12
2019-04-24,4.06,4.13,4.13,3.98,61418.0,24966090.0,002420,2.48,0.1
2019-04-25,4.11,3.9,4.13,3.89,85588.0,34545716.0,002420,-5.57,-0.23
2019-04-26,3.93,3.76,3.93,3.74,64759.0,24682238.0,002420,-3.59,-0.14
2019-04-30,3.57,3.57,3.57,3.57,8872.0,3167304.0,002420,-5.05,-0.19
2019-05-06,3.39,3.39,3.39,3.39,8289.0,2809971.0,002420,-5.04,-0.18
2019-05-07,3.22,3.22,3.29,3.22,170521.0,54984752.0,002420,-5.01,-0.17
2019-05-08,3.11,3.23,3.33,3.09,98138.0,31647534.0,002420,0.31,0.01
2019-05-09,3.19,3.23,3.26,3.17,55852.0,18013054.0,002420,0.0,0.0
2019-05-10,3.24,3.3,3.31,3.21,66762.0,21852714.0,002420,2.17,0.07
2019-05-13,3.28,3.26,3.28,3.23,54979.0,17880652.0,002420,-1.21,-0.04
2019-05-14,3.19,3.24,3.27,3.19,28929.0,9359308.0,002420,-0.61,-0.02
2019-05-15,3.27,3.28,3.32,3.24,43611.0,14319852.0,002420,1.23,0.04
2019-05-16,3.29,3.34,3.34,3.27,44589.0,14783518.0,002420,1.83,0.06
2019-05-17,3.35,3.17,3.35,3.17,60524.0,19640730.0,002420,-5.09,-0.17
2019-05-20,3.17,3.1,3.17,3.02,32303.0,9989661.0,002420,-2.21,-0.07
2019-05-21,3.11,3.16,3.18,3.09,27629.0,8719408.0,002420,1.94,0.06
2019-05-22,3.16,3.17,3.18,3.13,30796.0,9706689.0,002420,0.32,0.01
2019-05-23,3.17,3.15,3.33,3.13,66470.0,21522028.0,002420,-0.63,-0.02
2019-05-24,3.17,3.13,3.21,3.13,25527.0,8086084.0,002420,-0.63,-0.02
2019-05-27,3.17,3.21,3.23,3.12,24079.0,7639263.0,002420,2.56,0.08
2019-05-28,3.18,3.21,3.27,3.18,29082.0,9436951.0,002420,0.0,0.0
2019-05-29,3.2,3.24,3.26,3.2,21246.0,6890671.5,002420,0.93,0.03
2019-05-30,3.24,3.2,3.24,3.15,28115.0,8963147.0,002420,-1.23,-0.04
2019-05-31,3.18,3.17,3.22,3.17,21296.0,6799447.0,002420,-0.94,-0.03
2019-06-03,3.2,3.09,3.22,3.09,29534.0,9230690.0,002420,-2.52,-0.08
2019-06-04,3.11,3.05,3.12,3.02,14123.0,4336239.5,002420,-1.29,-0.04
2019-06-05,3.09,3.06,3.12,3.06,19307.0,5973492.0,002420,0.33,0.01
2019-06-06,3.04,2.92,3.08,2.91,63569.0,18876858.0,002420,-4.58,-0.14
2019-06-10,2.94,2.93,2.97,2.9,21976.0,6457538.0,002420,0.34,0.01
2019-06-11,2.94,3.03,3.04,2.92,29023.0,8728819.0,002420,3.41,0.1
2019-06-12,3.03,3.03,3.07,3.02,19315.0,5873384.5,002420,0.0,0.0
2019-06-13,3.02,3.08,3.1,3.0,28939.0,8847968.0,002420,1.65,0.05
2019-06-14,3.06,3.02,3.1,3.0,20088.0,6122195.0,002420,-1.95,-0.06
2019-06-17,2.98,3.0,3.04,2.98,13114.0,3946680.0,002420,-0.66,-0.02
2019-06-18,2.99,3.0,3.01,2.97,10326.0,3094469.75,002420,0.0,0.0
2019-06-19,3.03,3.01,3.05,3.0,17407.0,5272422.0,002420,0.33,0.01
2019-06-20,3.0,3.04,3.05,2.97,21406.0,6465599.5,002420,1.0,0.03
2019-06-21,3.18,3.15,3.19,3.11,45779.0,14410282.0,002420,3.62,0.11
2019-06-24,3.13,3.14,3.15,3.09,21444.0,6704189.5,002420,-0.32,-0.01
2019-06-25,3.15,3.12,3.15,3.09,14861.0,4629565.0,002420,-0.64,-0.02
2019-06-26,3.12,3.15,3.16,3.09,31253.0,9815013.0,002420,0.96,0.03
2019-06-27,3.16,3.15,3.17,3.13,22623.0,7132254.0,002420,0.0,0.0
2019-06-28,3.14,3.11,3.14,3.1,10462.0,3258534.0,002420,-1.27,-0.04
2019-07-01,3.15,3.15,3.17,3.13,39530.0,12424413.0,002420,1.29,0.04
2019-07-02,3.15,3.21,3.28,3.13,48692.0,15643572.0,002420,1.9,0.06
2019-07-03,3.21,3.14,3.21,3.11,28513.0,8973902.0,002420,-2.18,-0.07
2019-07-04,3.11,3.13,3.15,3.11,12822.0,4009710.0,002420,-0.32,-0.01
2019-07-05,3.13,3.14,3.15,3.11,18610.0,5830535.0,002420,0.32,0.01
2019-07-08,3.11,3.01,3.11,2.98,33483.0,10127157.0,002420,-4.14,-0.13
2019-07-09,3.0,3.02,3.04,2.99,13501.0,4078704.0,002420,0.33,0.01
2019-07-10,3.02,3.05,3.07,3.02,17812.0,5434198.0,002420,0.99,0.03
2019-07-11,3.06,3.06,3.1,3.05,15193.0,4675823.0,002420,0.33,0.01
2019-07-12,3.07,3.07,3.08,3.04,7896.0,2420877.75,002420,0.33,0.01
2019-07-15,3.05,3.1,3.11,3.03,14246.0,4390495.5,002420,0.98,0.03
2019-07-16,3.1,3.12,3.13,3.09,14209.0,4422841.0,002420,0.65,0.02
2019-07-17,3.09,3.1,3.12,3.09,10245.0,3183344.0,002420,-0.64,-0.02
2019-07-18,3.07,3.07,3.1,3.07,9182.0,2828165.0,002420,-0.97,-0.03
2019-07-19,3.08,3.09,3.11,3.08,6874.0,2130177.0,002420,0.65,0.02
2019-07-22,3.09,3.07,3.12,3.01,14975.0,4574991.0,002420,-0.65,-0.02
2019-07-23,3.08,3.12,3.12,3.06,14751.0,4567349.0,002420,1.63,0.05
2019-07-24,3.12,3.13,3.15,3.12,18435.0,5781064.0,002420,0.32,0.01
2019-07-25,3.13,3.14,3.16,3.13,10305.0,3236089.0,002420,0.32,0.01
2019-07-26,3.13,3.17,3.2,3.12,16698.0,5270490.0,002420,0.96,0.03
2019-07-29,3.15,3.17,3.19,3.14,14325.0,4534621.0,002420,0.0,0.0
2019-07-30,3.18,3.16,3.19,3.16,17312.0,5492275.0,002420,-0.32,-0.01
2019-07-31,3.17,3.16,3.21,3.14,17254.0,5452440.0,002420,0.0,0.0
2019-08-01,3.15,3.16,3.17,3.13,10595.0,3339481.5,002420,0.0,0.0
2019-08-02,3.11,3.16,3.18,3.1,20994.0,6604244.0,002420,0.0,0.0
2019-08-05,3.15,3.13,3.19,3.12,15030.0,4735034.0,002420,-0.95,-0.03
2019-08-06,3.09,3.03,3.09,2.98,29258.0,8862695.0,002420,-3.19,-0.1
2019-08-07,3.02,3.02,3.06,3.01,8548.0,2595377.0,002420,-0.33,-0.01
2019-08-08,3.02,3.06,3.08,3.02,12697.0,3883351.0,002420,1.32,0.04
2019-08-09,3.09,3.08,3.09,3.03,7648.0,2339698.0,002420,0.65,0.02
2019-08-12,3.08,3.07,3.08,3.04,8059.0,2465083.0,002420,-0.32,-0.01
2019-08-13,3.04,3.05,3.07,3.02,5656.0,1724659.0,002420,-0.65,-0.02
2019-08-14,3.07,3.05,3.08,3.04,7115.0,2176920.0,002420,0.0,0.0
2019-08-15,3.0,3.04,3.04,2.94,6995.0,2102358.0,002420,-0.33,-0.01
2019-08-16,3.04,3.03,3.06,3.01,10662.0,3229808.0,002420,-0.33,-0.01
2019-08-19,3.05,3.08,3.11,3.03,18976.0,5828790.5,002420,1.65,0.05
2019-08-20,3.09,3.08,3.12,3.08,18525.0,5740022.5,002420,0.0,0.0
2019-08-21,3.09,3.13,3.14,3.07,21900.0,6806376.5,002420,1.62,0.05
2019-08-22,3.25,3.29,3.29,3.22,29145.0,9517350.0,002420,5.11,0.16
2019-08-23,3.36,3.21,3.36,3.2,88661.0,29161356.0,002420,-2.43,-0.08
2019-08-26,3.15,3.21,3.27,3.11,26347.0,8403039.0,002420,0.0,0.0
2019-08-27,3.23,3.25,3.26,3.21,18862.0,6099394.0,002420,1.25,0.04
2019-08-28,3.24,3.26,3.3,3.24,21248.0,6932459.5,002420,0.31,0.01
2019-08-29,3.26,3.25,3.27,3.2,19591.0,6343338.0,002420,-0.31,-0.01
2019-08-30,3.24,3.25,3.32,3.22,24691.0,8058740.0,002420,0.0,0.0
2019-09-02,3.27,3.29,3.29,3.25,25069.0,8220842.0,002420,1.23,0.04
2019-09-03,3.28,3.29,3.3,3.26,24099.0,7913850.0,002420,0.0,0.0
2019-09-04,3.29,3.33,3.33,3.27,19699.0,6515563.5,002420,1.22,0.04
2019-09-05,3.32,3.34,3.39,3.31,23114.0,7745050.5,002420,0.3,0.01
2019-09-06,3.34,3.33,3.36,3.3,16478.0,5484391.5,002420,-0.3,-0.01
2019-09-09,3.35,3.36,3.36,3.31,19457.0,6483147.0,002420,0.9,0.03
2019-09-10,3.36,3.34,3.36,3.3,21925.0,7288070.0,002420,-0.6,-0.02
2019-09-11,3.34,3.32,3.37,3.3,17254.0,5754402.5,002420,-0.6,-0.02
2019-09-12,3.31,3.35,3.35,3.3,27424.0,9137219.0,002420,0.9,0.03
2019-09-16,3.34,3.35,3.35,3.31,18513.0,6174385.0,002420,0.0,0.0
2019-09-17,3.34,3.34,3.37,3.28,25033.0,8322541.0,002420,-0.3,-0.01
2019-09-18,3.34,3.39,3.45,3.33,42710.0,14448477.0,002420,1.5,0.05
2019-09-19,3.38,3.48,3.48,3.36,51446.0,17630748.0,002420,2.65,0.09
2019-09-20,3.47,3.45,3.49,3.43,23633.0,8165441.0,002420,-0.86,-0.03
2019-09-23,3.44,3.41,3.46,3.39,26531.0,9074900.0,002420,-1.16,-0.04
2019-09-24,3.41,3.46,3.49,3.41,26635.0,9197781.0,002420,1.47,0.05
2019-09-25,3.44,3.36,3.48,3.36,30034.0,10256603.0,002420,-2.89,-0.1
2019-09-26,3.36,3.27,3.42,3.26,23909.0,7943302.0,002420,-2.68,-0.09
2019-09-27,3.25,3.3,3.32,3.23,19388.0,6371839.0,002420,0.92,0.03
2019-09-30,3.3,3.28,3.33,3.26,16670.0,5483357.0,002420,-0.61,-0.02
2019-10-08,3.25,3.29,3.31,3.25,16891.0,5553346.0,002420,0.3,0.01
2019-10-09,3.29,3.35,3.37,3.26,12834.0,4264047.5,002420,1.82,0.06
2019-10-10,3.35,3.43,3.46,3.33,32248.0,11016307.0,002420,2.39,0.08
2019-10-11,3.43,3.43,3.45,3.39,28458.0,9737639.0,002420,0.0,0.0
2019-10-14,3.43,3.52,3.54,3.41,42291.0,14752880.0,002420,2.62,0.09
2019-10-15,3.5,3.47,3.53,3.45,24783.0,8618207.0,002420,-1.42,-0.05
2019-10-16,3.41,3.45,3.52,3.41,16041.0,5545454.5,002420,-0.58,-0.02
2019-10-17,3.45,3.52,3.56,3.42,47843.0,16728116.0,002420,2.03,0.07
2019-10-18,3.52,3.55,3.64,3.52,57877.0,20744632.0,002420,0.85,0.03
2019-10-21,3.59,3.58,3.61,3.48,40650.0,14493396.0,002420,0.85,0.03
2019-10-22,3.54,3.59,3.61,3.53,30047.0,10699290.0,002420,0.28,0.01
2019-10-23,3.6,3.63,3.68,3.56,47603.0,17304152.0,002420,1.11,0.04
2019-10-24,3.62,3.54,3.62,3.51,35442.0,12633716.0,002420,-2.48,-0.09
2019-10-25,3.52,3.59,3.6,3.51,23364.0,8351219.0,002420,1.41,0.05
2019-10-28,3.59,3.66,3.7,3.58,55373.0,20136792.0,002420,1.95,0.07
2019-10-29,3.69,3.65,3.73,3.63,32372.0,11852578.0,002420,-0.27,-0.01
2019-10-30,3.65,3.67,3.72,3.62,37302.0,13713775.0,002420,0.55,0.02
2019-10-31,3.7,3.57,3.7,3.55,51054.0,18412184.0,002420,-2.72,-0.1
2019-11-01,3.56,3.59,3.6,3.51,24558.0,8714634.0,002420,0.56,0.02
2019-11-04,3.6,3.7,3.77,3.58,65692.0,24449448.0,002420,3.06,0.11
2019-11-05,3.68,3.65,3.7,3.61,46448.0,16939498.0,002420,-1.35,-0.05
2019-11-06,3.65,3.62,3.7,3.61,31093.0,11349912.0,002420,-0.82,-0.03
2019-11-07,3.67,3.69,3.72,3.65,40785.0,15034627.0,002420,1.93,0.07
2019-11-08,3.68,3.74,3.81,3.68,45859.0,17155338.0,002420,1.36,0.05
2019-11-11,3.76,3.69,3.83,3.67,69852.0,26272306.0,002420,-1.34,-0.05
2019-11-12,3.67,3.63,3.67,3.57,56695.0,20471328.0,002420,-1.63,-0.06
2019-11-13,3.63,3.63,3.66,3.56,29105.0,10524428.0,002420,0.0,0.0
2019-11-14,3.63,3.65,3.67,3.59,22986.0,8342333.0,002420,0.55,0.02
2019-11-15,3.64,3.48,3.64,3.47,59569.0,21054306.0,002420,-4.66,-0.17
2019-11-18,3.5,3.48,3.51,3.45,28469.0,9913909.0,002420,0.0,0.0
2019-11-19,3.48,3.55,3.55,3.48,17870.0,6290911.5,002420,2.01,0.07
2019-11-20,3.53,3.54,3.57,3.52,19818.0,7027668.0,002420,-0.28,-0.01
2019-11-21,3.54,3.57,3.61,3.51,14789.0,5266355.0,002420,0.85,0.03
2019-11-22,3.56,3.63,3.66,3.56,33281.0,12062139.0,002420,1.68,0.06
2019-11-25,3.64,3.68,3.73,3.62,32094.0,11817294.0,002420,1.38,0.05
2019-11-26,3.68,3.69,3.71,3.66,20608.0,7581185.0,002420,0.27,0.01
2019-11-27,3.67,3.69,3.74,3.66,15641.0,5770705.0,002420,0.0,0.0
2019-11-28,3.66,3.64,3.68,3.63,17864.0,6529679.0,002420,-1.36,-0.05
2019-11-29,3.63,3.67,3.67,3.63,15725.0,5753939.0,002420,0.82,0.03
2019-12-02,3.67,3.67,3.69,3.67,10959.0,4032367.0,002420,0.0,0.0
2019-12-03,3.67,3.75,3.77,3.64,23827.0,8830032.0,002420,2.18,0.08
2019-12-04,3.77,3.81,3.81,3.73,32943.0,12472328.0,002420,1.6,0.06
2019-12-05,3.79,3.77,3.84,3.74,25382.0,9591765.0,002420,-1.05,-0.04
2019-12-06,3.77,3.79,3.8,3.76,11169.0,4223447.0,002420,0.53,0.02
2019-12-09,3.78,3.85,3.89,3.77,28656.0,11031290.0,002420,1.58,0.06
2019-12-10,3.83,3.85,3.9,3.82,24687.0,9507270.0,002420,0.0,0.0
2019-12-11,3.83,3.77,3.85,3.74,31884.0,12105825.0,002420,-2.08,-0.08
2019-12-12,3.75,3.75,3.82,3.74,20989.0,7906728.5,002420,-0.53,-0.02
2019-12-13,3.8,3.79,3.81,3.77,13638.0,5164820.0,002420,1.07,0.04
2019-12-16,3.79,3.85,3.85,3.79,22320.0,8526412.0,002420,1.58,0.06
2019-12-17,3.85,3.97,3.97,3.84,43902.0,17275476.0,002420,3.12,0.12
2019-12-18,3.98,4.02,4.03,3.97,31661.0,12676670.0,002420,1.26,0.05
2019-12-19,4.1,4.13,4.22,4.02,90561.0,37722372.0,002420,2.74,0.11
2019-12-20,4.14,4.13,4.19,4.1,35707.0,14757454.0,002420,0.0,0.0
2019-12-23,4.12,4.04,4.15,4.02,31227.0,12726382.0,002420,-2.18,-0.09
2019-12-24,4.07,4.17,4.18,4.05,34737.0,14273848.0,002420,3.22,0.13
2019-12-25,4.17,4.16,4.25,4.12,32372.0,13479205.0,002420,-0.24,-0.01
2019-12-26,4.17,4.11,4.17,4.06,27295.0,11181406.0,002420,-1.2,-0.05
2019-12-27,4.13,4.06,4.13,4.06,18195.0,7442179.0,002420,-1.22,-0.05
2019-12-30,4.0,3.93,4.06,3.9,43480.0,17189392.0,002420,-3.2,-0.13
2019-12-31,3.91,3.97,3.98,3.91,21041.0,8328827.5,002420,1.02,0.04
2020-01-02,3.88,3.93,3.94,3.82,50030.0,19520582.0,002420,-1.01,-0.04
2020-01-03,3.93,3.96,3.96,3.9,39284.0,15430352.0,002420,0.76,0.03
2020-01-06,3.91,3.9,3.96,3.86,39501.0,15491283.0,002420,-1.52,-0.06
2020-01-07,3.91,3.93,3.96,3.9,23749.0,9341881.0,002420,0.77,0.03
2020-01-08,3.94,3.89,3.98,3.89,48907.0,19221998.0,002420,-1.02,-0.04
2020-01-09,3.91,3.92,3.93,3.89,35506.0,13880566.0,002420,0.77,0.03
2020-01-10,3.91,3.93,3.95,3.88,27662.0,10808900.0,002420,0.26,0.01
2020-01-13,3.93,4.0,4.02,3.92,39222.0,15598758.0,002420,1.78,0.07
2020-01-14,4.0,3.97,4.02,3.94,24399.0,9697896.0,002420,-0.75,-0.03
2020-01-15,3.99,3.97,4.0,3.93,21891.0,8682931.0,002420,0.0,0.0
2020-01-16,3.96,3.91,3.97,3.9,16631.0,6536006.5,002420,-1.51,-0.06
2020-01-17,3.92,3.93,3.99,3.9,26169.0,10304683.0,002420,0.51,0.02
2020-01-20,3.92,3.96,3.96,3.91,16856.0,6644509.0,002420,0.76,0.03
2020-01-21,3.96,3.94,3.97,3.91,25643.0,10106631.0,002420,-0.51,-0.02
2020-01-22,3.98,4.05,4.06,3.93,71871.0,28698622.0,002420,2.79,0.11
2020-01-23,4.0,3.88,4.06,3.85,43547.0,17203208.0,002420,-4.2,-0.17
2020-02-03,3.69,3.69,3.69,3.69,1857.0,685233.0,002420,-4.9,-0.19
2020-02-04,3.51,3.51,3.51,3.51,13287.0,4663737.0,002420,-4.88,-0.18
2020-02-05,3.47,3.5,3.57,3.47,69601.0,24508614.0,002420,-0.28,-0.01
2020-02-06,3.49,3.48,3.51,3.41,65680.0,22769692.0,002420,-0.57,-0.02
2020-02-07,3.48,3.48,3.52,3.43,33279.0,11566150.0,002420,0.0,0.0
2020-02-10,3.5,3.55,3.56,3.45,35976.0,12647638.0,002420,2.01,0.07
2020-02-11,3.56,3.55,3.6,3.53,26384.0,9407035.0,002420,0.0,0.0
2020-02-12,3.53,3.56,3.56,3.53,26649.0,9449473.0,002420,0.28,0.01
2020-02-13,3.55,3.42,3.56,3.41,45098.0,15663701.0,002420,-3.93,-0.14
2020-02-14,3.42,3.42,3.46,3.38,29856.0,10201250.0,002420,0.0,0.0
2020-02-17,3.44,3.51,3.52,3.43,39776.0,13858672.0,002420,2.63,0.09
2020-02-18,3.51,3.53,3.54,3.49,40324.0,14141675.0,002420,0.57,0.02
2020-02-19,3.52,3.5,3.53,3.49,30668.0,10774959.0,002420,-0.85,-0.03
2020-02-20,3.51,3.57,3.58,3.51,52720.0,18682058.0,002420,2.0,0.07
2020-02-21,3.57,3.59,3.69,3.55,60031.0,21709988.0,002420,0.56,0.02
2020-02-24,3.59,3.61,3.63,3.58,43855.0,15807493.0,002420,0.56,0.02
2020-02-25,3.54,3.5,3.56,3.43,74602.0,26093964.0,002420,-3.05,-0.11
2020-02-26,3.47,3.47,3.54,3.44,48758.0,17053244.0,002420,-0.86,-0.03
2020-02-27,3.48,3.54,3.54,3.47,45378.0,15926913.0,002420,2.02,0.07
2020-02-28,3.6,3.55,3.71,3.53,142497.0,51591712.0,002420,0.28,0.01
2020-03-02,3.59,3.63,3.66,3.53,77049.0,27715160.0,002420,2.25,0.08
2020-03-03,3.64,3.81,3.81,3.61,98965.0,36601148.0,002420,4.96,0.18
2020-03-04,3.8,3.98,4.0,3.76,119950.0,47338572.0,002420,4.46,0.17
2020-03-05,3.97,4.18,4.18,3.92,105999.0,43674868.0,002420,5.03,0.2
2020-03-06,4.19,4.14,4.36,4.09,117738.0,49433232.0,002420,-0.96,-0.04
2020-03-09,4.03,3.96,4.21,3.94,89987.0,36715288.0,002420,-4.35,-0.18
2020-03-10,3.9,4.04,4.04,3.8,68063.0,26695732.0,002420,2.02,0.08
2020-03-11,4.04,3.98,4.09,3.96,38500.0,15491791.0,002420,-1.49,-0.06
2020-03-12,3.92,3.84,3.96,3.83,45692.0,17753456.0,002420,-3.52,-0.14
2020-03-13,3.65,3.73,3.76,3.65,68596.0,25245406.0,002420,-2.86,-0.11
2020-03-16,3.76,3.64,3.78,3.64,46833.0,17405040.0,002420,-2.41,-0.09
2020-03-17,3.66,3.65,3.7,3.52,40022.0,14451495.0,002420,0.27,0.01
2020-03-18,3.68,3.57,3.72,3.56,33185.0,12161604.0,002420,-2.19,-0.08
2020-03-19,3.57,3.68,3.71,3.55,39756.0,14451058.0,002420,3.08,0.11
2020-03-20,3.71,3.69,3.72,3.64,30377.0,11179282.0,002420,0.27,0.01
2020-03-23,3.67,3.6,3.67,3.59,24868.0,9019667.0,002420,-2.44,-0.09
2020-03-24,3.66,3.66,3.67,3.59,20190.0,7328914.5,002420,1.67,0.06
2020-03-25,3.69,3.67,3.72,3.65,26639.0,9817165.0,002420,0.27,0.01
2020-03-26,3.58,3.61,3.62,3.53,35001.0,12513044.0,002420,-1.63,-0.06
2020-03-27,3.62,3.65,3.68,3.6,22834.0,8314744.0,002420,1.11,0.04
2020-03-30,3.56,3.62,3.63,3.55,20169.0,7240720.0,002420,-0.82,-0.03
2020-03-31,3.62,3.6,3.67,3.6,16410.0,5955609.0,002420,-0.55,-0.02
2020-04-01,3.59,3.59,3.64,3.58,14811.0,5345025.0,002420,-0.28,-0.01
2020-04-02,3.55,3.62,3.63,3.55,12034.0,4331587.5,002420,0.84,0.03
2020-04-03,3.61,3.59,3.63,3.57,18609.0,6685336.0,002420,-0.83,-0.03
2020-04-07,3.65,3.66,3.67,3.6,28498.0,10356362.0,002420,1.95,0.07
2020-04-08,3.66,3.71,3.72,3.61,30097.0,11047268.0,002420,1.37,0.05
2020-04-09,3.71,3.78,3.8,3.7,34316.0,12863269.0,002420,1.89,0.07
2020-04-10,3.76,3.83,3.93,3.76,42083.0,16189390.0,002420,1.32,0.05
2020-04-13,3.82,3.79,3.85,3.77,20447.0,7767968.0,002420,-1.04,-0.04
2020-04-14,3.75,3.88,3.88,3.75,22554.0,8622976.0,002420,2.37,0.09
2020-04-15,3.86,3.87,3.99,3.85,33174.0,12997798.0,002420,-0.26,-0.01
2020-04-16,3.87,3.81,3.87,3.79,23566.0,8996597.0,002420,-1.55,-0.06
2020-04-17,3.83,3.78,3.84,3.77,21482.0,8170208.0,002420,-0.79,-0.03
2020-04-20,3.78,3.81,3.82,3.77,14723.0,5592373.0,002420,0.79,0.03
2020-04-21,3.8,3.88,3.88,3.77,29633.0,11351698.0,002420,1.84,0.07
2020-04-22,3.91,4.02,4.07,3.91,59903.0,24003890.0,002420,3.61,0.14
2020-04-23,4.02,3.95,4.03,3.93,34800.0,13815426.0,002420,-1.74,-0.07
2020-04-24,3.91,3.8,3.95,3.78,44513.0,17131240.0,002420,-3.8,-0.15
2020-04-27,3.7,3.74,3.8,3.7,24373.0,9152359.0,002420,-1.58,-0.06
2020-04-28,3.77,3.68,3.77,3.55,34787.0,12644799.0,002420,-1.6,-0.06
2020-04-29,3.66,3.63,3.69,3.63,15881.0,5815057.5,002420,-1.36,-0.05
2020-04-30,3.75,3.81,3.81,3.72,29531.0,11199045.0,002420,4.96,0.18
2020-05-06,3.88,3.85,3.98,3.8,54155.0,20961928.0,002420,1.05,0.04
2020-05-07,3.85,3.82,3.87,3.78,24855.0,9515810.0,002420,-0.78,-0.03
2020-05-08,3.85,3.88,3.93,3.83,24392.0,9453350.0,002420,1.57,0.06
2020-05-11,3.88,3.91,3.93,3.87,17592.0,6860255.0,002420,0.77,0.03
2020-05-12,3.91,3.84,3.91,3.82,21304.0,8192411.0,002420,-1.79,-0.07
2020-05-13,3.83,3.91,3.96,3.76,29457.0,11352615.0,002420,1.82,0.07
2020-05-14,3.88,3.88,3.91,3.85,12241.0,4744196.0,002420,-0.77,-0.03
2020-05-15,3.88,3.92,3.97,3.87,22705.0,8905798.0,002420,1.03,0.04
2020-05-18,3.92,3.87,3.92,3.85,14716.0,5707320.0,002420,-1.28,-0.05
2020-05-19,3.88,3.89,3.92,3.86,10680.0,4156937.0,002420,0.52,0.02
2020-05-20,3.87,3.85,3.87,3.83,12398.0,4778183.0,002420,-1.03,-0.04
2020-05-21,3.84,3.79,3.85,3.78,23929.0,9100361.0,002420,-1.56,-0.06
2020-05-22,3.77,3.74,3.78,3.68,30218.0,11272755.0,002420,-1.32,-0.05
2020-05-25,3.73,3.73,3.74,3.69,20498.0,7615458.0,002420,-0.27,-0.01
2020-05-26,3.72,3.76,3.76,3.71,19731.0,7378157.0,002420,0.8,0.03
2020-05-27,3.74,3.76,3.77,3.72,10816.0,4052167.0,002420,0.0,0.0
2020-05-28,3.74,3.73,3.76,3.71,9594.0,3582183.0,002420,-0.8,-0.03
2020-05-29,3.79,3.92,3.92,3.79,29786.0,11636536.0,002420,5.09,0.19
2020-06-01,3.92,3.98,4.03,3.89,51370.0,20389292.0,002420,1.53,0.06
2020-06-02,3.98,3.99,4.02,3.96,24102.0,9625594.0,002420,0.25,0.01
2020-06-03,4.0,3.95,4.01,3.93,25788.0,10204686.0,002420,-1.0,-0.04
2020-06-04,3.96,4.06,4.06,3.94,39225.0,15711187.0,002420,2.78,0.11
2020-06-05,4.05,4.23,4.25,4.02,56446.0,23365256.0,002420,4.19,0.17
2020-06-08,4.2,4.11,4.32,4.05,61077.0,25503748.0,002420,-2.84,-0.12
2020-06-09,4.08,3.91,4.08,3.9,68658.0,26941470.0,002420,-4.87,-0.2
2020-06-10,3.87,3.93,3.95,3.87,30677.0,12004698.0,002420,0.51,0.02
2020-06-11,3.92,3.9,3.94,3.87,33993.0,13278426.0,002420,-0.76,-0.03
2020-06-12,3.8,3.89,3.91,3.8,38408.0,14852431.0,002420,-0.26,-0.01
2020-06-15,3.86,3.88,3.9,3.83,23617.0,9150020.0,002420,-0.26,-0.01
2020-06-16,3.96,3.94,4.02,3.92,32206.0,12736597.0,002420,1.55,0.06
2020-06-17,3.93,3.94,3.96,3.92,20032.0,7885372.0,002420,0.0,0.0
2020-06-18,3.91,3.93,3.97,3.91,15918.0,6259030.0,002420,-0.25,-0.01
2020-06-19,3.93,3.94,3.95,3.92,18469.0,7264586.0,002420,0.25,0.01
2020-06-22,3.95,3.88,3.98,3.86,31468.0,12348709.0,002420,-1.52,-0.06
2020-06-23,3.86,3.82,3.87,3.78,31164.0,11897279.0,002420,-1.55,-0.06
2020-06-24,3.82,3.77,3.82,3.76,22243.0,8402882.0,002420,-1.31,-0.05
2020-06-29,3.77,3.77,3.81,3.67,32313.0,12046770.0,002420,0.0,0.0
2020-06-30,3.76,3.79,3.8,3.75,15940.0,6016502.0,002420,0.53,0.02
2020-07-01,3.82,3.8,3.83,3.78,15235.0,5789522.0,002420,0.26,0.01
2020-07-02,3.8,3.8,3.85,3.77,41084.0,15581475.0,002420,0.0,0.0
2020-07-03,3.79,3.77,3.79,3.76,44182.0,16656945.0,002420,-0.79,-0.03
2020-07-06,3.77,3.84,3.85,3.76,88209.0,33525462.0,002420,1.86,0.07
2020-07-07,3.83,3.86,3.88,3.82,72035.0,27722368.0,002420,0.52,0.02
2020-07-08,3.83,3.84,3.86,3.82,77205.0,29590934.0,002420,-0.52,-0.02
2020-07-09,3.85,3.87,3.9,3.83,92397.0,35702744.0,002420,0.78,0.03
2020-07-10,3.87,3.96,3.99,3.85,94327.0,37132480.0,002420,2.33,0.09
2020-07-13,3.95,4.0,4.03,3.92,83259.0,33135278.0,002420,1.01,0.04
2020-07-14,3.98,3.97,4.08,3.93,74959.0,29921384.0,002420,-0.75,-0.03
2020-07-15,4.04,4.05,4.16,4.0,105912.0,43157820.0,002420,2.02,0.08
2020-07-16,4.07,3.93,4.19,3.92,106990.0,43521752.0,002420,-2.96,-0.12
2020-07-17,3.95,3.94,4.11,3.86,91971.0,36356832.0,002420,0.25,0.01
2020-07-20,3.88,3.97,3.99,3.88,63189.0,24813664.0,002420,0.76,0.03
2020-07-21,3.97,3.93,3.98,3.91,41294.0,16269268.0,002420,-1.01,-0.04
2020-07-23,3.99,3.93,4.02,3.86,65755.0,25876230.0,002420,0.0,0.0
2020-07-24,3.9,3.76,3.92,3.73,56263.0,21584532.0,002420,-4.33,-0.17
2020-07-27,3.75,3.74,3.78,3.7,31605.0,11792430.0,002420,-0.53,-0.02
2020-07-28,3.73,3.77,3.78,3.73,29272.0,10980050.0,002420,0.8,0.03
2020-07-29,3.76,3.78,3.78,3.69,41531.0,15560513.0,002420,0.27,0.01
2020-07-30,3.78,3.73,3.79,3.72,43907.0,16473286.0,002420,-1.32,-0.05
2020-07-31,3.78,3.78,3.83,3.75,58272.0,22050850.0,002420,1.34,0.05
2020-08-03,3.79,3.85,3.87,3.76,55291.0,21121510.0,002420,1.85,0.07
2020-08-04,3.85,3.82,3.87,3.81,38226.0,14664603.0,002420,-0.78,-0.03
2020-08-05,3.83,3.85,3.87,3.82,31909.0,12265873.0,002420,0.79,0.03
2020-08-06,3.85,3.85,3.86,3.81,36437.0,13975045.0,002420,0.0,0.0
2020-08-07,3.85,3.8,3.85,3.77,43564.0,16565852.0,002420,-1.3,-0.05
2020-08-10,3.78,3.8,3.83,3.77,32581.0,12393445.0,002420,0.0,0.0
2020-08-11,3.81,3.76,3.82,3.74,29297.0,11111616.0,002420,-1.05,-0.04
2020-08-12,3.73,3.75,3.76,3.7,28623.0,10645399.0,002420,-0.27,-0.01
2020-08-13,3.75,3.89,3.93,3.73,76871.0,29538140.0,002420,3.73,0.14
2020-08-14,3.87,3.88,3.92,3.85,39211.0,15236128.0,002420,-0.26,-0.01
2020-08-17,3.89,3.9,3.91,3.88,27596.0,10762303.0,002420,0.52,0.02
2020-08-18,3.9,3.92,3.94,3.89,33090.0,12946898.0,002420,0.51,0.02
2020-08-19,3.91,3.87,3.93,3.86,40938.0,15962627.0,002420,-1.28,-0.05
2020-08-20,3.87,3.84,3.87,3.82,32349.0,12425986.0,002420,-0.78,-0.03
2020-08-21,3.84,3.86,3.88,3.83,30692.0,11815628.0,002420,0.52,0.02
2020-08-24,3.91,3.95,4.0,3.89,71794.0,28406966.0,002420,2.33,0.09
2020-08-25,3.95,3.94,3.99,3.91,33278.0,13132306.0,002420,-0.25,-0.01
2020-08-26,3.96,3.95,4.02,3.93,47860.0,18976142.0,002420,0.25,0.01
2020-08-27,3.93,3.94,3.98,3.9,30692.0,12102741.0,002420,-0.25,-0.01
2020-08-28,3.97,4.0,4.07,3.95,97505.0,39178336.0,002420,1.52,0.06
2020-08-31,3.99,4.0,4.03,3.95,54498.0,21701076.0,002420,0.0,0.0
2020-09-01,3.99,3.96,3.99,3.94,45006.0,17814590.0,002420,-1.0,-0.04
2020-09-02,3.96,3.95,3.96,3.93,40506.0,15988965.0,002420,-0.25,-0.01
2020-09-03,3.98,3.98,4.0,3.96,58005.0,23062046.0,002420,0.76,0.03
2020-09-04,3.97,4.1,4.1,3.95,81442.0,32920524.0,002420,3.02,0.12
2020-09-07,4.09,4.22,4.31,4.06,117921.0,49627276.0,002420,2.93,0.12
2020-09-08,4.22,4.18,4.26,4.12,55879.0,23255870.0,002420,-0.95,-0.04
2020-09-09,4.16,4.14,4.18,4.07,57188.0,23648968.0,002420,-0.96,-0.04
2020-09-10,4.12,3.96,4.16,3.93,72468.0,29135020.0,002420,-4.35,-0.18
2020-09-11,3.89,4.0,4.0,3.87,37586.0,14741869.0,002420,1.01,0.04
2020-09-14,3.98,4.03,4.04,3.96,29676.0,11889045.0,002420,0.75,0.03
2020-09-15,4.02,4.0,4.05,3.96,23622.0,9446401.0,002420,-0.74,-0.03
2020-09-16,4.0,3.98,4.0,3.94,19172.0,7601626.0,002420,-0.5,-0.02
2020-09-17,3.98,3.97,3.99,3.91,29451.0,11680815.0,002420,-0.25,-0.01
2020-09-18,3.98,4.09,4.12,3.97,55800.0,22660332.0,002420,3.02,0.12
2020-09-21,4.07,4.08,4.18,4.07,44028.0,18191656.0,002420,-0.24,-0.01
2020-09-22,4.03,4.06,4.08,4.02,30630.0,12410302.0,002420,-0.49,-0.02
2020-09-23,4.03,4.09,4.12,4.02,27751.0,11282594.0,002420,0.74,0.03
2020-09-24,4.1,3.98,4.1,3.98,25936.0,10458017.0,002420,-2.69,-0.11
2020-09-25,3.99,3.93,4.0,3.91,22520.0,8893836.0,002420,-1.26,-0.05
2020-09-28,3.94,3.9,3.97,3.86,26197.0,10229301.0,002420,-0.76,-0.03
2020-09-29,3.9,3.93,3.96,3.9,19748.0,7768026.0,002420,0.77,0.03
2020-09-30,3.94,3.92,3.96,3.91,10541.0,4142005.0,002420,-0.25,-0.01
2020-10-09,3.96,4.01,4.04,3.95,30255.0,12069285.0,002420,2.3,0.09
2020-10-12,4.01,4.06,4.09,3.98,38022.0,15403123.0,002420,1.25,0.05
2020-10-13,4.06,4.08,4.12,4.03,49887.0,20348016.0,002420,0.49,0.02
2020-10-14,4.06,4.1,4.14,4.06,25686.0,10544739.0,002420,0.49,0.02
2020-10-15,4.06,4.05,4.09,4.03,23401.0,9486022.0,002420,-1.22,-0.05
2020-10-16,4.06,4.06,4.1,4.04,12204.0,4960530.0,002420,0.25,0.01
2020-10-19,4.05,4.09,4.12,4.05,21322.0,8726108.0,002420,0.74,0.03
2020-10-20,4.11,4.17,4.18,4.09,36046.0,14897053.0,002420,1.96,0.08
2020-10-21,4.17,4.11,4.17,4.07,26475.0,10888441.0,002420,-1.44,-0.06
2020-10-22,4.07,4.13,4.15,4.03,19859.0,8145069.0,002420,0.49,0.02
2020-10-23,4.15,4.2,4.22,4.11,38663.0,16162832.0,002420,1.69,0.07
2020-10-26,4.17,4.12,4.27,4.11,50607.0,21120762.0,002420,-1.9,-0.08
2020-10-27,4.09,4.19,4.23,4.08,47732.0,19903528.0,002420,1.7,0.07
2020-10-28,4.2,4.17,4.24,4.14,28329.0,11834240.0,002420,-0.48,-0.02
2020-10-29,4.13,4.19,4.2,4.12,28775.0,11978935.0,002420,0.48,0.02
2020-10-30,4.21,4.2,4.3,4.15,66754.0,28280520.0,002420,0.24,0.01
2020-11-02,4.15,4.17,4.22,4.1,34147.0,14149603.0,002420,-0.71,-0.03
2020-11-03,4.14,4.19,4.2,4.14,25947.0,10808207.0,002420,0.48,0.02
2020-11-04,4.19,4.2,4.23,4.15,35711.0,14964096.0,002420,0.24,0.01
2020-11-05,4.19,4.25,4.26,4.19,33500.0,14192425.0,002420,1.19,0.05
2020-11-06,4.28,4.41,4.46,4.22,110978.0,48441956.0,002420,3.76,0.16
2020-11-09,4.41,4.39,4.44,4.33,70014.0,30637242.0,002420,-0.45,-0.02
2020-11-10,4.37,4.36,4.38,4.33,38358.0,16699318.0,002420,-0.68,-0.03
2020-11-11,4.36,4.42,4.56,4.34,51099.0,22844520.0,002420,1.38,0.06
2020-11-12,4.43,4.53,4.6,4.42,49452.0,22368700.0,002420,2.49,0.11
2020-11-13,4.49,4.47,4.53,4.38,37307.0,16606364.0,002420,-1.32,-0.06
2020-11-16,4.51,4.48,4.51,4.41,30790.0,13669762.0,002420,0.22,0.01
2020-11-17,4.49,4.35,4.49,4.26,48099.0,21010244.0,002420,-2.9,-0.13
2020-11-18,4.35,4.36,4.39,4.32,35927.0,15663033.0,002420,0.23,0.01
2020-11-19,4.33,4.3,4.37,4.28,41863.0,18105810.0,002420,-1.38,-0.06
2020-11-20,4.26,4.35,4.37,4.26,31835.0,13773724.0,002420,1.16,0.05
2020-11-23,4.32,4.35,4.36,4.27,25895.0,11216155.0,002420,0.0,0.0
2020-11-24,4.36,4.34,4.38,4.32,23141.0,10072048.0,002420,-0.23,-0.01
2020-11-25,4.34,4.28,4.38,4.25,37077.0,15954020.0,002420,-1.38,-0.06
2020-11-26,4.28,4.29,4.32,4.26,23109.0,9910474.0,002420,0.23,0.01
2020-11-27,4.29,4.28,4.3,4.25,16207.0,6922696.0,002420,-0.23,-0.01
2020-11-30,4.28,4.19,4.29,4.17,27569.0,11658185.0,002420,-2.1,-0.09
2020-12-01,4.18,4.23,4.23,4.16,25217.0,10578172.0,002420,0.95,0.04
2020-12-02,4.23,4.21,4.24,4.17,23571.0,9905016.0,002420,-0.47,-0.02
2020-12-03,4.2,4.26,4.28,4.19,15067.0,6384608.5,002420,1.19,0.05
2020-12-04,4.23,4.26,4.26,4.19,11297.0,4770669.0,002420,0.0,0.0
2020-12-07,4.25,4.28,4.29,4.22,14738.0,6289351.0,002420,0.47,0.02
2020-12-08,4.29,4.29,4.32,4.27,21336.0,9171085.0,002420,0.23,0.01
2020-12-09,4.29,4.18,4.29,4.16,27376.0,11532341.0,002420,-2.56,-0.11
2020-12-10,4.18,4.17,4.2,4.15,11971.0,4995594.0,002420,-0.24,-0.01
2020-12-11,4.17,4.06,4.19,4.0,60135.0,24441330.0,002420,-2.64,-0.11
2020-12-14,4.03,4.09,4.09,4.02,18530.0,7518245.0,002420,0.74,0.03
2020-12-15,4.11,4.09,4.11,4.04,20108.0,8187971.0,002420,0.0,0.0
2020-12-16,4.07,3.92,4.08,3.89,51404.0,20367924.0,002420,-4.16,-0.17
2020-12-17,3.9,3.91,3.93,3.79,38180.0,14749664.0,002420,-0.26,-0.01
2020-12-18,3.91,3.93,3.94,3.88,17224.0,6742731.0,002420,0.51,0.02
2020-12-21,3.87,4.0,4.0,3.87,24638.0,9781234.0,002420,1.78,0.07
2020-12-22,4.0,3.95,4.0,3.9,18628.0,7375200.0,002420,-1.25,-0.05
2020-12-23,3.95,3.95,3.97,3.92,12825.0,5059186.0,002420,0.0,0.0
2020-12-24,3.94,3.89,3.94,3.83,24039.0,9348225.0,002420,-1.52,-0.06
2020-12-25,3.95,3.94,3.96,3.89,17385.0,6839620.0,002420,1.29,0.05
2020-12-28,3.92,3.93,3.94,3.89,12413.0,4861855.0,002420,-0.25,-0.01
2020-12-29,3.93,3.93,3.95,3.9,12802.0,5026771.0,002420,0.0,0.0
2020-12-30,3.93,3.96,3.98,3.92,22524.0,8898171.0,002420,0.76,0.03
2020-12-31,3.97,3.99,4.0,3.95,12916.0,5137402.0,002420,0.76,0.03
2021-01-04,4.0,4.09,4.11,4.0,20152.0,8186079.0,002420,2.51,0.1
2021-01-05,4.09,4.08,4.13,4.06,15600.0,6380437.5,002420,-0.24,-0.01
2021-01-06,4.07,3.96,4.08,3.88,25696.0,10284101.0,002420,-2.94,-0.12
2021-01-07,3.97,3.9,3.98,3.85,23391.0,9118505.0,002420,-1.52,-0.06
2021-01-08,3.89,3.94,3.94,3.84,23486.0,9101594.0,002420,1.03,0.04
2021-01-11,3.91,3.88,3.91,3.82,38232.0,14781686.0,002420,-1.52,-0.06
2021-01-12,3.88,3.89,3.91,3.84,21834.0,8463829.0,002420,0.26,0.01
2021-01-13,3.89,3.91,3.95,3.8,25053.0,9697209.0,002420,0.51,0.02
2021-01-14,3.9,3.94,3.94,3.88,18880.0,7389615.5,002420,0.77,0.03
2021-01-15,3.94,3.98,4.01,3.93,17992.0,7154579.0,002420,1.02,0.04
2021-01-18,3.99,4.1,4.14,3.99,30148.0,12295546.0,002420,3.02,0.12
2021-01-19,4.09,4.1,4.15,4.06,19304.0,7902202.0,002420,0.0,0.0
2021-01-20,4.11,4.1,4.14,4.08,17540.0,7207717.0,002420,0.0,0.0
2021-01-21,4.1,4.1,4.13,4.07,18546.0,7608953.0,002420,0.0,0.0
2021-01-22,4.1,4.08,4.1,4.05,11664.0,4751686.0,002420,-0.49,-0.02
2021-01-25,4.07,4.03,4.11,3.93,44554.0,17930288.0,002420,-1.23,-0.05
2021-01-26,4.03,3.99,4.03,3.96,10964.0,4381606.0,002420,-0.99,-0.04
2021-01-27,4.03,4.07,4.07,3.97,20957.0,8448593.0,002420,2.01,0.08
2021-01-28,4.08,4.1,4.2,4.05,27816.0,11492461.0,002420,0.74,0.03
2021-01-29,4.08,4.08,4.11,4.0,25656.0,10396192.0,002420,-0.49,-0.02
2021-02-01,4.05,4.15,4.16,4.04,28611.0,11789653.0,002420,1.72,0.07
2021-02-02,4.13,4.16,4.17,4.11,22057.0,9125717.0,002420,0.24,0.01
2021-02-03,4.16,4.15,4.16,4.11,19840.0,8185559.0,002420,-0.24,-0.01
2021-02-04,4.15,4.05,4.16,4.04,22711.0,9274919.0,002420,-2.41,-0.1
2021-02-05,4.06,4.0,4.09,3.98,18150.0,7313363.0,002420,-1.23,-0.05
2021-02-08,4.0,4.06,4.09,3.99,16588.0,6685859.0,002420,1.5,0.06
2021-02-09,4.06,4.1,4.11,4.04,17459.0,7121209.0,002420,0.99,0.04
2021-02-10,4.1,4.15,4.15,4.08,19362.0,7979601.0,002420,1.22,0.05
2021-02-18,4.21,4.2,4.22,4.16,27616.0,11574407.0,002420,1.2,0.05
2021-02-19,4.18,4.29,4.3,4.18,31888.0,13552113.0,002420,2.14,0.09
2021-02-22,4.29,4.47,4.5,4.29,64407.0,28735052.0,002420,4.2,0.18
2021-02-23,4.47,4.41,4.56,4.41,41310.0,18472462.0,002420,-1.34,-0.06
2021-02-24,4.43,4.47,4.48,4.42,24498.0,10908735.0,002420,1.36,0.06
2021-02-25,4.5,4.49,4.58,4.48,41400.0,18745924.0,002420,0.45,0.02
2021-02-26,4.47,4.69,4.7,4.42,60415.0,27843478.0,002420,4.45,0.2
2021-03-01,4.69,4.85,4.87,4.69,79800.0,38396032.0,002420,3.41,0.16
2021-03-02,4.86,4.86,4.9,4.8,48873.0,23710970.0,002420,0.21,0.01
2021-03-03,4.87,5.1,5.1,4.85,109977.0,55118572.0,002420,4.94,0.24
2021-03-04,5.09,4.99,5.2,4.96,88647.0,44961296.0,002420,-2.16,-0.11
2021-03-05,5.01,4.86,5.11,4.74,97628.0,47536632.0,002420,-2.61,-0.13
2021-03-08,4.88,4.89,4.95,4.82,59778.0,29233900.0,002420,0.62,0.03
2021-03-09,4.85,4.66,4.88,4.65,68995.0,32562096.0,002420,-4.7,-0.23
2021-03-10,4.68,4.7,4.71,4.57,26106.0,12152851.0,002420,0.86,0.04
2021-03-11,4.67,4.81,4.84,4.67,33793.0,16153991.0,002420,2.34,0.11
2021-03-12,4.81,4.98,5.0,4.81,40468.0,19944358.0,002420,3.53,0.17
2021-03-15,4.85,4.81,4.95,4.78,51453.0,24935280.0,002420,-3.41,-0.17
2021-03-16,4.78,4.91,4.93,4.78,35907.0,17433690.0,002420,2.08,0.1
2021-03-17,4.91,5.02,5.09,4.91,43739.0,21930690.0,002420,2.24,0.11
2021-03-18,4.87,5.07,5.13,4.8,71552.0,35432064.0,002420,1.0,0.05
2021-03-22,5.13,5.23,5.48,5.04,206362.0,108054160.0,002420,3.16,0.16
2021-03-23,5.03,5.04,5.19,4.93,106100.0,53304932.0,002420,-3.63,-0.19
2021-03-24,5.0,4.69,5.03,4.64,101205.0,48612808.0,002420,-6.94,-0.35
2021-03-25,4.63,4.69,4.94,4.63,67550.0,32313490.0,002420,0.0,0.0
2021-03-26,4.63,4.71,4.75,4.56,63462.0,29686180.0,002420,0.43,0.02
2021-03-29,4.72,4.58,4.76,4.57,63066.0,29183822.0,002420,-2.76,-0.13
2021-03-30,4.61,4.4,4.62,4.35,66588.0,29674062.0,002420,-3.93,-0.18
2021-03-31,4.47,4.49,4.6,4.43,51235.0,23100202.0,002420,2.05,0.09
2021-04-01,4.48,4.47,4.52,4.39,25805.0,11536497.0,002420,-0.45,-0.02
2021-04-02,4.45,4.52,4.57,4.45,32278.0,14619618.0,002420,1.12,0.05
2021-04-06,4.47,4.55,4.59,4.47,20481.0,9328624.0,002420,0.66,0.03
2021-04-07,4.52,4.63,4.68,4.52,24722.0,11433359.0,002420,1.76,0.08
2021-04-08,4.65,4.53,4.69,4.53,31234.0,14408454.0,002420,-2.16,-0.1
2021-04-09,4.5,4.57,4.61,4.47,19605.0,8945046.0,002420,0.88,0.04
2021-04-12,4.6,4.64,4.69,4.57,29769.0,13812071.0,002420,1.53,0.07
2021-04-13,4.64,4.51,4.69,4.48,34780.0,15787804.0,002420,-2.8,-0.13
2021-04-14,4.51,4.59,4.59,4.46,20128.0,9121703.0,002420,1.77,0.08
2021-04-15,4.64,4.56,4.69,4.55,28860.0,13341834.0,002420,-0.65,-0.03
2021-04-16,4.54,4.63,4.63,4.53,20932.0,9629046.0,002420,1.54,0.07
2021-04-19,4.68,4.74,4.76,4.64,30971.0,14574684.0,002420,2.38,0.11
2021-04-20,4.77,4.74,4.82,4.7,28735.0,13673077.0,002420,0.0,0.0
2021-04-21,4.76,4.71,4.78,4.66,18693.0,8796331.0,002420,-0.63,-0.03
2021-04-22,4.69,4.66,4.78,4.61,23628.0,11045977.0,002420,-1.06,-0.05
2021-04-23,4.67,4.65,4.67,4.56,18668.0,8634369.0,002420,-0.21,-0.01
2021-04-26,4.64,4.61,4.68,4.58,21397.0,9899327.0,002420,-0.86,-0.04
2021-04-27,4.56,4.58,4.66,4.55,23818.0,10958755.0,002420,-0.65,-0.03
2021-04-28,4.57,4.6,4.67,4.56,25932.0,11992898.0,002420,0.44,0.02
2021-04-29,4.59,4.59,4.63,4.57,22136.0,10167901.0,002420,-0.22,-0.01
2021-04-30,4.59,4.49,4.61,4.48,26306.0,11931798.0,002420,-2.18,-0.1
2021-05-06,4.48,4.4,4.49,4.38,36519.0,16118208.0,002420,-2.0,-0.09
2021-05-07,4.4,4.41,4.44,4.37,17747.0,7811145.0,002420,0.23,0.01
2021-05-10,4.41,4.47,4.47,4.38,34220.0,15133258.0,002420,1.36,0.06
2021-05-11,4.43,4.53,4.54,4.43,26344.0,11827015.0,002420,1.34,0.06
2021-05-12,4.53,4.55,4.58,4.48,33203.0,15158747.0,002420,0.44,0.02
2021-05-13,4.52,4.55,4.6,4.52,38554.0,17596798.0,002420,0.0,0.0
2021-05-14,4.57,4.58,4.62,4.53,36202.0,16580872.0,002420,0.66,0.03
2021-05-17,4.58,4.49,4.58,4.45,40020.0,17978952.0,002420,-1.97,-0.09
2021-05-18,4.54,4.72,4.93,4.45,105222.0,49010216.0,002420,5.12,0.23
2021-05-19,4.72,4.65,4.73,4.58,61608.0,28563110.0,002420,-1.48,-0.07
2021-05-20,4.66,4.55,4.66,4.49,61483.0,27934860.0,002420,-2.15,-0.1
2021-05-21,4.54,4.56,4.64,4.5,25803.0,11822162.0,002420,0.22,0.01
2021-05-24,4.57,4.71,4.74,4.51,48748.0,22511960.0,002420,3.29,0.15
2021-05-25,4.71,4.86,4.97,4.66,107223.0,51837244.0,002420,3.18,0.15
2021-05-26,4.98,4.86,4.98,4.76,96457.0,46944636.0,002420,0.0,0.0
2021-05-27,4.78,4.86,4.95,4.76,67675.0,32822822.0,002420,0.0,0.0
2021-05-28,4.86,4.78,4.86,4.73,42058.0,20104984.0,002420,-1.65,-0.08
2021-05-31,4.75,4.75,4.79,4.73,26793.0,12748113.0,002420,-0.63,-0.03
2021-06-01,4.74,4.77,4.82,4.71,31314.0,14933321.0,002420,0.42,0.02
2021-06-02,4.78,4.77,4.83,4.75,30318.0,14498588.0,002420,0.0,0.0
2021-06-03,4.76,4.81,4.85,4.71,45705.0,21905836.0,002420,0.84,0.04
2021-06-04,4.76,4.79,4.85,4.76,30745.0,14758823.0,002420,-0.42,-0.02
2021-06-07,4.8,4.89,4.9,4.76,51827.0,25171016.0,002420,2.09,0.1
2021-06-08,4.86,4.91,5.02,4.85,53893.0,26549742.0,002420,0.41,0.02
2021-06-09,4.89,5.04,5.09,4.86,89408.0,44883468.0,002420,2.65,0.13
2021-06-10,5.03,4.98,5.09,4.93,48285.0,24078700.0,002420,-1.19,-0.06
2021-06-11,5.0,4.98,5.05,4.91,51317.0,25481888.0,002420,0.0,0.0
2021-06-15,5.06,4.94,5.06,4.92,32389.0,16043677.0,002420,-0.8,-0.04
2021-06-16,4.95,4.83,4.95,4.81,39488.0,19225840.0,002420,-2.23,-0.11
2021-06-17,4.79,4.82,4.87,4.79,22289.0,10758727.0,002420,-0.21,-0.01
2021-06-18,4.8,4.83,4.83,4.78,23666.0,11364203.0,002420,0.21,0.01
2021-06-21,4.8,4.84,4.85,4.79,23376.0,11287717.0,002420,0.21,0.01
2021-06-22,4.84,4.82,4.89,4.8,36264.0,17551828.0,002420,-0.41,-0.02
2021-06-23,4.82,4.72,4.84,4.7,40029.0,18995544.0,002420,-2.07,-0.1
2021-06-24,4.73,4.74,4.75,4.67,22690.0,10686194.0,002420,0.42,0.02
2021-06-25,4.74,4.68,4.74,4.65,31321.0,14652111.0,002420,-1.27,-0.06
2021-06-28,4.68,4.61,4.7,4.56,29132.0,13429982.0,002420,-1.5,-0.07
2021-06-29,4.6,4.55,4.61,4.51,27981.0,12750648.0,002420,-1.3,-0.06
2021-06-30,4.54,4.61,4.63,4.52,29043.0,13311666.0,002420,1.32,0.06
2021-07-01,4.6,4.53,4.62,4.52,19095.0,8737674.0,002420,-1.74,-0.08
2021-07-02,4.54,4.49,4.56,4.47,18657.0,8388366.0,002420,-0.88,-0.04
2021-07-05,4.5,4.6,4.61,4.46,23703.0,10827177.0,002420,2.45,0.11
2021-07-06,4.6,4.59,4.66,4.57,19555.0,9031221.0,002420,-0.22,-0.01
2021-07-07,4.58,4.6,4.65,4.56,16779.0,7725743.0,002420,0.22,0.01
2021-07-08,4.62,4.6,4.62,4.55,14540.0,6659971.0,002420,0.0,0.0
2021-07-09,4.6,4.59,4.61,4.56,19300.0,8852786.0,002420,-0.22,-0.01
2021-07-12,4.6,4.54,4.62,4.51,32893.0,15029045.0,002420,-1.09,-0.05
2021-07-13,4.54,4.58,4.58,4.49,24761.0,11225825.0,002420,0.88,0.04
2021-07-14,4.56,4.5,4.58,4.49,23185.0,10467721.0,002420,-1.75,-0.08
2021-07-15,4.48,4.43,4.49,4.39,30519.0,13498669.0,002420,-1.56,-0.07
2021-07-16,4.43,4.41,4.46,4.4,15375.0,6815026.0,002420,-0.45,-0.02
2021-07-19,4.43,4.44,4.45,4.37,18161.0,8010962.5,002420,0.68,0.03
2021-07-20,4.43,4.46,4.48,4.4,12655.0,5627553.0,002420,0.45,0.02
2021-07-21,4.46,4.5,4.5,4.43,13376.0,6002790.0,002420,0.9,0.04
2021-07-22,4.49,4.49,4.5,4.46,9783.0,4386511.0,002420,-0.22,-0.01
2021-07-23,4.51,4.44,4.51,4.42,19133.0,8518562.0,002420,-1.11,-0.05
2021-07-26,4.44,4.37,4.46,4.3,24335.0,10613233.0,002420,-1.58,-0.07
2021-07-27,4.39,4.32,4.39,4.31,16134.0,6999234.5,002420,-1.14,-0.05
2021-07-28,4.32,4.16,4.34,4.14,31545.0,13226057.0,002420,-3.7,-0.16
2021-07-29,4.19,4.22,4.26,4.17,17846.0,7524099.0,002420,1.44,0.06
2021-07-30,4.22,4.27,4.27,4.19,12965.0,5473703.0,002420,1.18,0.05
2021-08-02,4.22,4.38,4.42,4.22,23010.0,10005672.0,002420,2.58,0.11
2021-08-03,4.39,4.47,4.52,4.37,20235.0,9035597.0,002420,2.05,0.09
2021-08-04,4.47,4.46,4.5,4.41,12829.0,5709508.0,002420,-0.22,-0.01
2021-08-05,4.46,4.41,4.46,4.4,11014.0,4873993.5,002420,-1.12,-0.05
2021-08-06,4.45,4.43,4.48,4.41,13211.0,5871593.0,002420,0.45,0.02
2021-08-09,4.44,4.53,4.53,4.4,20074.0,9010538.0,002420,2.26,0.1
2021-08-10,4.55,4.51,4.55,4.49,18150.0,8188172.5,002420,-0.44,-0.02
2021-08-11,4.5,4.48,4.53,4.45,20181.0,9035025.0,002420,-0.67,-0.03
2021-08-12,4.47,4.48,4.52,4.45,21830.0,9779405.0,002420,0.0,0.0
2021-08-13,4.5,4.46,4.51,4.45,13807.0,6171046.0,002420,-0.45,-0.02
2021-08-16,4.49,4.5,4.52,4.44,15597.0,6986709.5,002420,0.9,0.04
2021-08-17,4.5,4.39,4.52,4.37,16405.0,7279805.0,002420,-2.44,-0.11
2021-08-18,4.37,4.46,4.49,4.37,17787.0,7903789.0,002420,1.59,0.07
2021-08-19,4.45,4.47,4.51,4.44,13001.0,5805989.0,002420,0.22,0.01
2021-08-20,4.48,4.67,4.67,4.39,85058.0,38945804.0,002420,4.47,0.2
2021-08-23,4.69,5.14,5.14,4.69,314724.0,158275488.0,002420,10.06,0.47
2021-08-24,5.06,5.43,5.65,5.02,312225.0,168347456.0,002420,5.64,0.29
2021-08-25,5.24,5.64,5.78,5.24,271403.0,152543056.0,002420,3.87,0.21
2021-08-26,5.61,5.89,5.92,5.6,183878.0,107476896.0,002420,4.43,0.25
2021-08-27,5.88,6.24,6.34,5.63,333841.0,201134192.0,002420,5.94,0.35
2021-08-30,6.23,6.12,6.34,5.9,223363.0,137096368.0,002420,-1.92,-0.12
2021-08-31,6.06,5.84,6.25,5.79,265910.0,157777952.0,002420,-4.58,-0.28
2021-09-01,5.95,5.9,6.18,5.7,206935.0,121770536.0,002420,1.03,0.06
2021-09-02,5.81,6.33,6.49,5.81,330799.0,207606064.0,002420,7.29,0.43
2021-09-03,6.21,6.16,6.35,6.0,229855.0,140510768.0,002420,-2.69,-0.17
2021-09-06,6.1,6.12,6.12,5.81,131407.0,78718512.0,002420,-0.65,-0.04
2021-09-07,6.15,6.21,6.29,5.92,143844.0,88843320.0,002420,1.47,0.09
2021-09-08,6.28,6.55,6.55,6.16,172286.0,109427992.0,002420,5.48,0.34
2021-09-09,6.56,6.36,6.77,6.27,185239.0,119823280.0,002420,-2.9,-0.19
2021-09-10,6.33,6.51,6.6,6.24,134650.0,86865296.0,002420,2.36,0.15
2021-09-13,6.59,6.4,6.67,6.35,136346.0,88369944.0,002420,-1.69,-0.11
2021-09-14,6.48,6.3,6.5,6.28,89295.0,57019732.0,002420,-1.56,-0.1
2021-09-15,6.25,6.27,6.41,6.21,65089.0,40922276.0,002420,-0.48,-0.03
2021-09-16,6.25,6.19,6.57,6.16,97397.0,61895104.0,002420,-1.28,-0.08
2021-09-17,6.12,6.2,6.35,6.06,66547.0,41059256.0,002420,0.16,0.01
2021-09-22,6.0,6.14,6.22,5.92,62630.0,38489808.0,002420,-0.97,-0.06
2021-09-23,6.25,6.56,6.56,6.16,140510.0,90053840.0,002420,6.84,0.42
2021-09-24,6.59,6.8,6.88,6.55,128232.0,86463200.0,002420,3.66,0.24
2021-09-27,6.87,6.54,7.16,6.48,162343.0,110558024.0,002420,-3.82,-0.26
2021-09-28,6.55,6.93,6.95,6.52,130778.0,88692336.0,002420,5.96,0.39
2021-09-29,6.84,6.64,6.99,6.58,109041.0,73534344.0,002420,-4.18,-0.29
2021-09-30,6.69,6.84,6.85,6.58,67796.0,45497692.0,002420,3.01,0.2
2021-10-08,6.81,7.5,7.52,6.77,232572.0,169748064.0,002420,9.65,0.66
2021-10-11,7.5,7.26,7.59,7.17,149194.0,109392984.0,002420,-3.2,-0.24
2021-10-12,7.22,6.83,7.26,6.65,142231.0,98419056.0,002420,-5.92,-0.43
2021-10-13,6.88,6.88,6.99,6.61,72263.0,48956568.0,002420,0.73,0.05
2021-10-14,6.81,6.6,6.99,6.5,77768.0,52119904.0,002420,-4.07,-0.28
2021-10-15,6.55,6.03,6.6,5.99,140844.0,86843168.0,002420,-8.64,-0.57
2021-10-18,6.19,6.63,6.63,6.12,149912.0,97489608.0,002420,9.95,0.6
2021-10-19,6.78,7.13,7.23,6.72,171266.0,120522448.0,002420,7.54,0.5
2021-10-20,7.18,7.39,7.39,6.98,159981.0,115207048.0,002420,3.65,0.26
2021-10-21,7.25,6.65,7.25,6.65,218908.0,148709280.0,002420,-10.01,-0.74
2021-10-22,6.62,6.34,6.77,6.26,220047.0,141469808.0,002420,-4.66,-0.31
2021-10-25,6.31,6.65,6.77,6.21,157573.0,103400960.0,002420,4.89,0.31
2021-10-26,6.7,6.54,6.75,6.3,96768.0,62648760.0,002420,-1.65,-0.11
2021-10-27,6.44,6.38,6.58,6.26,74092.0,47276632.0,002420,-2.45,-0.16
2021-10-28,6.4,6.18,6.44,6.16,61957.0,38706812.0,002420,-3.13,-0.2
2021-10-29,6.18,6.39,6.49,6.1,70332.0,44535532.0,002420,3.4,0.21
2021-11-01,6.43,6.68,6.83,6.35,101226.0,67562016.0,002420,4.54,0.29
2021-11-02,6.75,6.41,6.75,6.27,96114.0,62298288.0,002420,-4.04,-0.27
2021-11-03,6.35,6.36,6.55,6.22,53330.0,33784268.0,002420,-0.78,-0.05
2021-11-04,6.44,6.27,6.45,6.25,45492.0,28733068.0,002420,-1.42,-0.09
2021-11-05,6.28,6.11,6.33,6.11,64987.0,40250664.0,002420,-2.55,-0.16
2021-11-08,6.13,6.43,6.48,6.12,62196.0,39543136.0,002420,5.24,0.32
2021-11-09,6.4,6.37,6.46,6.14,76439.0,48242380.0,002420,-0.93,-0.06
2021-11-10,6.41,6.21,6.44,6.15,66778.0,41689732.0,002420,-2.51,-0.16
2021-11-11,6.28,6.5,6.68,6.26,92823.0,60292040.0,002420,4.67,0.29
2021-11-12,6.5,6.4,6.57,6.37,62258.0,40066432.0,002420,-1.54,-0.1
2021-11-15,6.41,6.78,6.85,6.41,122531.0,82474120.0,002420,5.94,0.38
2021-11-16,6.93,6.52,6.94,6.51,105068.0,69576904.0,002420,-3.83,-0.26
2021-11-17,6.75,7.1,7.16,6.6,188104.0,131252696.0,002420,8.9,0.58
2021-11-18,7.1,7.03,7.15,6.91,99929.0,70176336.0,002420,-0.99,-0.07
2021-11-19,7.04,7.27,7.35,6.98,109201.0,78474496.0,002420,3.41,0.24
2021-11-22,7.28,7.89,7.95,7.28,242664.0,188904240.0,002420,8.53,0.62
2021-11-23,7.97,8.46,8.68,7.97,300068.0,253334480.0,002420,7.22,0.57
2021-11-24,8.31,8.52,8.62,8.21,236534.0,199078256.0,002420,0.71,0.06
2021-11-25,8.45,8.5,8.99,8.41,197169.0,171037728.0,002420,-0.23,-0.02
2021-11-26,8.72,8.32,8.79,8.18,160148.0,133982208.0,002420,-2.12,-0.18
2021-11-29,8.32,8.26,8.38,8.08,99437.0,81736896.0,002420,-0.72,-0.06
2021-11-30,8.48,8.45,8.69,8.27,112904.0,95929256.0,002420,2.3,0.19
2021-12-01,8.52,8.88,9.05,8.52,147486.0,129598976.0,002420,5.09,0.43
2021-12-02,8.9,8.77,9.18,8.64,113146.0,100001224.0,002420,-1.24,-0.11
2021-12-03,8.81,8.67,8.83,8.53,81288.0,70326416.0,002420,-1.14,-0.1
2021-12-06,8.73,8.59,8.87,8.57,105984.0,92609152.0,002420,-0.92,-0.08
2021-12-07,8.65,8.22,8.7,8.14,119754.0,99362880.0,002420,-4.31,-0.37
2021-12-08,8.3,8.66,8.68,8.22,92732.0,79044832.0,002420,5.35,0.44
2021-12-09,8.68,8.35,8.73,8.26,88748.0,74648144.0,002420,-3.58,-0.31
2021-12-10,8.36,8.37,8.53,8.29,53479.0,44790920.0,002420,0.24,0.02
2021-12-13,8.42,8.28,8.56,8.2,56787.0,47240836.0,002420,-1.08,-0.09
2021-12-14,8.32,8.3,8.35,8.15,49141.0,40605168.0,002420,0.24,0.02
2021-12-15,8.28,8.26,8.51,8.22,47849.0,39855692.0,002420,-0.48,-0.04
2021-12-16,8.33,8.36,8.56,8.23,94087.0,79163296.0,002420,1.21,0.1
2021-12-17,8.38,8.43,9.12,8.38,218633.0,191222176.0,002420,0.84,0.07
2021-12-20,8.31,8.41,8.83,8.31,103225.0,88177888.0,002420,-0.24,-0.02
2021-12-21,8.46,8.42,8.65,8.24,64325.0,53994204.0,002420,0.12,0.01
2021-12-22,8.45,8.68,8.75,8.42,97211.0,84102320.0,002420,3.09,0.26
2021-12-23,8.61,8.39,8.7,8.37,78475.0,66555744.0,002420,-3.34,-0.29
2021-12-24,8.51,8.18,8.51,7.89,142579.0,114737272.0,002420,-2.5,-0.21
2021-12-27,8.23,8.49,8.65,8.1,99914.0,84672392.0,002420,3.79,0.31
2021-12-28,8.8,8.85,9.2,8.38,169374.0,148765504.0,002420,4.24,0.36
2021-12-29,8.85,8.78,8.91,8.61,77192.0,67614824.0,002420,-0.79,-0.07
2021-12-30,8.79,8.74,8.88,8.66,61252.0,53599872.0,002420,-0.46,-0.04
2021-12-31,8.73,8.61,8.79,8.6,45929.0,39718380.0,002420,-1.49,-0.13
2022-01-04,8.61,8.59,8.87,8.56,65108.0,56600272.0,002420,-0.23,-0.02
2022-01-05,8.63,8.25,8.79,8.23,80854.0,67410256.0,002420,-3.96,-0.34
2022-01-06,8.25,8.39,8.53,8.2,48094.0,40425020.0,002420,1.7,0.14
2022-01-07,8.41,8.16,8.48,8.13,54540.0,44889496.0,002420,-2.74,-0.23
2022-01-10,8.25,8.26,8.34,8.11,42581.0,35041948.0,002420,1.23,0.1
2022-01-11,8.25,8.1,8.39,8.03,55242.0,45348576.0,002420,-1.94,-0.16
2022-01-12,8.1,8.11,8.23,8.01,39719.0,32282728.0,002420,0.12,0.01
2022-01-13,8.2,8.04,8.2,7.9,43944.0,35214444.0,002420,-0.86,-0.07
2022-01-14,8.0,7.88,8.09,7.79,53399.0,42240656.0,002420,-1.99,-0.16
2022-01-17,7.92,8.26,8.34,7.92,83848.0,68554920.0,002420,4.82,0.38
2022-01-18,8.26,7.98,8.34,7.97,55905.0,45268976.0,002420,-3.39,-0.28
2022-01-19,7.98,8.2,8.29,7.85,71064.0,57564924.0,002420,2.76,0.22
2022-01-20,8.21,7.95,8.21,7.9,46033.0,36972600.0,002420,-3.05,-0.25
2022-01-21,7.93,7.96,8.17,7.85,47590.0,38320928.0,002420,0.13,0.01
2022-01-24,7.96,8.12,8.25,7.89,38486.0,31035444.0,002420,2.01,0.16
2022-01-25,8.04,7.91,8.19,7.85,50451.0,40225620.0,002420,-2.59,-0.21
2022-01-26,7.98,7.5,8.02,7.28,101794.0,77219200.0,002420,-5.18,-0.41
2022-01-27,7.6,7.4,7.78,7.31,61347.0,46155564.0,002420,-1.33,-0.1
2022-01-28,7.39,7.52,7.59,7.2,56911.0,42300204.0,002420,1.62,0.12
2022-02-07,7.63,8.18,8.25,7.63,99586.0,80086256.0,002420,8.78,0.66
2022-02-08,8.3,8.34,8.43,8.11,67118.0,55583108.0,002420,1.96,0.16
2022-02-09,8.36,8.41,8.43,8.24,41762.0,34900292.0,002420,0.84,0.07
2022-02-10,8.36,8.27,8.4,8.21,33077.0,27394430.0,002420,-1.66,-0.14
2022-02-11,8.27,8.26,8.33,8.12,37957.0,31252400.0,002420,-0.12,-0.01
2022-02-14,8.19,8.63,8.7,8.19,90726.0,77765864.0,002420,4.48,0.37
2022-02-15,8.64,8.46,8.7,8.45,39538.0,33754160.0,002420,-1.97,-0.17
2022-02-16,8.51,8.45,8.51,8.32,51562.0,43320852.0,002420,-0.12,-0.01
2022-02-17,8.49,8.44,8.55,8.36,40001.0,33792288.0,002420,-0.12,-0.01
2022-02-18,8.44,8.69,8.8,8.35,66281.0,57141588.0,002420,2.96,0.25
2022-02-21,8.7,8.5,8.75,8.48,48898.0,41916636.0,002420,-2.19,-0.19
2022-02-22,8.43,8.45,8.64,8.3,53802.0,45321480.0,002420,-0.59,-0.05
2022-02-23,8.39,8.64,8.75,8.39,60949.0,52427384.0,002420,2.25,0.19
2022-02-24,8.65,8.3,8.75,8.12,97120.0,82008600.0,002420,-3.94,-0.34
2022-02-25,8.33,8.49,8.6,8.33,60601.0,51440508.0,002420,2.29,0.19
2022-02-28,8.5,8.39,8.59,8.35,35706.0,30013000.0,002420,-1.18,-0.1
2022-03-01,8.4,8.36,8.46,8.28,41506.0,34731708.0,002420,-0.36,-0.03
2022-03-02,8.4,8.28,8.4,8.23,33872.0,28056532.0,002420,-0.96,-0.08
2022-03-03,8.24,8.11,8.34,8.0,44672.0,36344528.0,002420,-2.05,-0.17
2022-03-04,8.02,7.83,8.15,7.81,48388.0,38479080.0,002420,-3.45,-0.28
2022-03-07,7.78,7.68,7.99,7.61,55894.0,43587936.0,002420,-1.92,-0.15
2022-03-08,7.63,7.3,7.8,7.17,81026.0,59944912.0,002420,-4.95,-0.38
2022-03-09,7.44,7.35,7.48,6.97,82972.0,59749296.0,002420,0.68,0.05
2022-03-10,7.51,7.44,7.66,7.41,42585.0,31980112.0,002420,1.22,0.09
2022-03-11,7.43,7.33,7.43,7.1,43045.0,31112484.0,002420,-1.48,-0.11
2022-03-14,7.32,7.09,7.39,7.05,39646.0,28645308.0,002420,-3.27,-0.24
2022-03-15,7.09,6.68,7.15,6.68,58075.0,40340392.0,002420,-5.78,-0.41
2022-03-16,6.75,6.83,7.04,6.41,88893.0,60138732.0,002420,2.25,0.15
2022-03-17,6.93,6.69,6.93,6.6,67138.0,45516644.0,002420,-2.05,-0.14
2022-03-18,6.76,6.71,6.76,6.55,51258.0,34174568.0,002420,0.3,0.02
2022-03-21,6.76,6.82,6.9,6.71,46803.0,31868342.0,002420,1.64,0.11
2022-03-22,6.82,6.84,6.88,6.7,24902.0,16956514.0,002420,0.29,0.02
2022-03-23,6.86,6.73,6.88,6.71,25221.0,17096344.0,002420,-1.61,-0.11
2022-03-24,6.76,6.57,6.78,6.52,31078.0,20459536.0,002420,-2.38,-0.16
2022-03-25,6.59,6.5,6.69,6.46,35038.0,22965272.0,002420,-1.07,-0.07
2022-03-28,6.57,6.41,6.57,6.3,37825.0,24241604.0,002420,-1.38,-0.09
2022-03-29,6.4,6.23,6.43,6.19,59469.0,37239680.0,002420,-2.81,-0.18
2022-03-30,6.29,6.25,6.38,6.2,37871.0,23776832.0,002420,0.32,0.02
2022-03-31,6.29,6.28,6.3,6.19,35199.0,22010548.0,002420,0.48,0.03
2022-04-01,6.36,6.14,6.49,6.1,50296.0,31234330.0,002420,-2.23,-0.14
2022-04-06,6.11,6.29,6.31,5.87,36764.0,22875922.0,002420,2.44,0.15
2022-04-07,6.23,6.03,6.25,6.0,43100.0,26306904.0,002420,-4.13,-0.26
2022-04-08,6.06,5.86,6.1,5.78,70711.0,41374032.0,002420,-2.82,-0.17
2022-04-11,5.86,5.63,5.98,5.6,72933.0,41742436.0,002420,-3.92,-0.23
2022-04-12,5.68,5.72,5.75,5.48,56298.0,31521820.0,002420,1.6,0.09
2022-04-13,5.77,5.52,5.78,5.52,34306.0,19182258.0,002420,-3.5,-0.2
2022-04-14,5.52,5.53,5.71,5.52,43854.0,24490840.0,002420,0.18,0.01
2022-04-15,5.54,5.38,5.57,5.33,46038.0,24818842.0,002420,-2.71,-0.15
2022-04-18,5.37,5.48,5.52,5.2,52619.0,28474660.0,002420,1.86,0.1
2022-04-19,5.45,5.58,5.64,5.44,37697.0,20930478.0,002420,1.82,0.1
2022-04-20,5.6,5.65,5.85,5.55,57229.0,32767574.0,002420,1.25,0.07
2022-04-21,5.66,5.43,5.75,5.4,41488.0,23111770.0,002420,-3.89,-0.22
2022-04-22,5.37,5.28,5.49,5.25,31274.0,16656634.0,002420,-2.76,-0.15
2022-04-25,5.21,4.79,5.28,4.75,72114.0,35914872.0,002420,-9.28,-0.49
2022-04-26,4.85,4.61,4.92,4.58,51445.0,24524342.0,002420,-3.76,-0.18
2022-04-27,4.6,4.74,4.75,4.45,56931.0,26205104.0,002420,2.82,0.13
2022-04-28,4.73,4.55,4.8,4.45,54023.0,24797106.0,002420,-4.01,-0.19
2022-04-29,4.54,4.8,4.85,4.54,59196.0,28017162.0,002420,5.49,0.25
2022-05-05,4.87,4.92,5.04,4.71,44123.0,21650074.0,002420,2.5,0.12
2022-05-06,4.83,5.01,5.12,4.78,46346.0,23197278.0,002420,1.83,0.09
2022-05-09,5.12,5.12,5.19,4.92,37139.0,18980848.0,002420,2.2,0.11
2022-05-10,5.05,5.09,5.13,5.0,31604.0,16013641.0,002420,-0.59,-0.03
2022-05-11,5.08,5.16,5.35,5.08,45354.0,23789000.0,002420,1.38,0.07
2022-05-12,5.1,5.17,5.25,5.1,27925.0,14459210.0,002420,0.19,0.01
2022-05-13,5.17,5.24,5.37,5.1,26684.0,13977228.0,002420,1.35,0.07
2022-05-16,5.35,5.76,5.76,5.32,47363.0,26554832.0,002420,9.92,0.52
2022-05-17,5.76,5.95,6.17,5.7,188078.0,110754080.0,002420,3.3,0.19
2022-05-18,5.89,5.84,6.07,5.75,134035.0,79283600.0,002420,-1.85,-0.11
2022-05-19,5.89,5.86,5.89,5.74,70418.0,41054320.0,002420,0.34,0.02
2022-05-20,5.84,6.04,6.16,5.84,80311.0,48194264.0,002420,3.07,0.18
2022-05-23,6.04,6.03,6.09,5.93,58724.0,35324064.0,002420,-0.17,-0.01
2022-05-24,6.05,5.85,6.14,5.84,71983.0,43288092.0,002420,-2.99,-0.18
2022-05-25,5.8,6.44,6.44,5.8,84061.0,51804424.0,002420,10.09,0.59
2022-05-26,7.08,7.08,7.08,6.57,284341.0,198408928.0,002420,9.94,0.64
2022-05-27,7.67,7.79,7.79,7.66,155355.0,120675696.0,002420,10.03,0.71
2022-05-30,7.5,7.01,7.5,7.01,392254.0,278899840.0,002420,-10.01,-0.78
2022-05-31,6.48,6.69,6.84,6.4,245185.0,161517504.0,002420,-4.56,-0.32
2022-06-01,6.69,6.76,7.09,6.66,136852.0,93593784.0,002420,1.05,0.07
2022-06-02,6.83,6.58,6.89,6.52,101134.0,66960436.0,002420,-2.66,-0.18
2022-06-06,6.58,6.65,6.7,6.47,75185.0,49553524.0,002420,1.06,0.07
2022-06-07,6.65,6.87,7.16,6.63,132768.0,92090512.0,002420,3.31,0.22
2022-06-08,6.51,6.65,7.0,6.51,99018.0,66305152.0,002420,-3.2,-0.22
2022-06-09,6.62,6.5,6.67,6.41,58506.0,38053032.0,002420,-2.26,-0.15
2022-06-10,6.41,6.5,6.58,6.41,33533.0,21889152.0,002420,0.0,0.0
2022-06-13,6.42,6.69,6.73,6.42,52143.0,34556352.0,002420,2.92,0.19
2022-06-14,6.58,6.87,6.98,6.58,70829.0,48117752.0,002420,2.69,0.18
2022-06-15,6.78,6.69,6.96,6.66,45761.0,30924646.0,002420,-2.62,-0.18
2022-06-16,6.68,6.73,6.83,6.58,41618.0,27845910.0,002420,0.6,0.04
2022-06-17,6.65,7.19,7.21,6.56,119539.0,82913392.0,002420,6.84,0.46
2022-06-20,7.15,7.01,7.27,6.93,106512.0,75172584.0,002420,-2.5,-0.18
2022-06-21,6.93,6.89,7.18,6.74,61502.0,42485308.0,002420,-1.71,-0.12
2022-06-22,6.9,6.87,7.0,6.81,38440.0,26564406.0,002420,-0.29,-0.02
2022-06-23,6.87,7.2,7.47,6.86,89221.0,63408264.0,002420,4.8,0.33
2022-06-24,7.2,7.16,7.39,7.1,69392.0,50128480.0,002420,-0.56,-0.04
2022-06-27,7.12,7.13,7.28,7.09,55511.0,39887744.0,002420,-0.42,-0.03
2022-06-28,7.14,7.22,7.39,7.03,53177.0,38337772.0,002420,1.26,0.09
2022-06-29,7.14,6.91,7.25,6.91,57732.0,40697124.0,002420,-4.29,-0.31
2022-06-30,6.94,7.3,7.6,6.94,167612.0,122911592.0,002420,5.64,0.39
2022-07-01,7.35,7.12,7.39,7.01,98780.0,70891448.0,002420,-2.47,-0.18
2022-07-04,7.05,7.06,7.18,6.95,57984.0,40869184.0,002420,-0.84,-0.06
2022-07-05,7.14,6.98,7.15,6.79,61631.0,42762928.0,002420,-1.13,-0.08
2022-07-06,6.88,6.73,6.89,6.66,46052.0,31002716.0,002420,-3.58,-0.25
2022-07-07,6.65,6.7,6.85,6.6,49756.0,33292992.0,002420,-0.45,-0.03
2022-07-08,6.68,6.62,6.72,6.61,29728.0,19795040.0,002420,-1.19,-0.08
2022-07-11,6.62,6.53,6.69,6.45,40860.0,26846780.0,002420,-1.36,-0.09
2022-07-12,6.58,6.32,6.58,6.32,41448.0,26597004.0,002420,-3.22,-0.21
2022-07-13,6.35,6.59,6.79,6.35,79353.0,52612828.0,002420,4.27,0.27
2022-07-14,6.59,6.58,6.86,6.56,43700.0,28998300.0,002420,-0.15,-0.01
2022-07-15,6.51,6.57,6.73,6.48,38191.0,25272576.0,002420,-0.15,-0.01
2022-07-18,6.67,6.77,6.86,6.61,57973.0,39359876.0,002420,3.04,0.2
2022-07-19,7.18,7.26,7.44,6.91,174422.0,125750832.0,002420,7.24,0.49
2022-07-20,7.28,7.21,7.39,7.12,104044.0,75357200.0,002420,-0.69,-0.05
2022-07-21,7.21,7.05,7.26,7.05,57456.0,40884056.0,002420,-2.22,-0.16
2022-07-22,7.06,7.14,7.19,7.04,40490.0,28766286.0,002420,1.28,0.09
2022-07-25,7.14,7.21,7.35,7.1,60556.0,44011668.0,002420,0.98,0.07
2022-07-26,7.21,7.25,7.28,7.17,28782.0,20745652.0,002420,0.55,0.04
2022-07-27,7.3,7.31,7.32,7.16,36111.0,26242804.0,002420,0.83,0.06
2022-07-28,7.4,7.32,7.45,7.25,31235.0,22878668.0,002420,0.14,0.01
2022-07-29,7.34,7.28,7.39,7.22,28463.0,20735320.0,002420,-0.55,-0.04
2022-08-01,7.28,7.29,7.39,7.25,34458.0,25214470.0,002420,0.14,0.01
2022-08-02,7.2,6.98,7.21,6.8,71569.0,49997148.0,002420,-4.25,-0.31
2022-08-03,6.92,6.9,7.27,6.88,53294.0,37593304.0,002420,-1.15,-0.08
2022-08-04,6.94,7.0,7.16,6.91,31999.0,22404208.0,002420,1.45,0.1
2022-08-05,7.0,6.89,7.12,6.8,39894.0,27498076.0,002420,-1.57,-0.11
2022-08-08,6.89,7.11,7.15,6.82,46594.0,32788850.0,002420,3.19,0.22
2022-08-09,7.15,7.09,7.17,7.04,23195.0,16476006.0,002420,-0.28,-0.02
2022-08-10,7.04,7.07,7.16,7.0,20660.0,14604840.0,002420,-0.28,-0.02
2022-08-11,7.07,7.32,7.41,7.06,95460.0,69504752.0,002420,3.54,0.25
2022-08-12,7.33,7.22,7.35,7.19,53878.0,39032852.0,002420,-1.37,-0.1
2022-08-15,7.17,7.31,7.37,7.14,47748.0,34651336.0,002420,1.25,0.09
2022-08-16,7.42,7.32,7.42,7.26,34672.0,25328564.0,002420,0.14,0.01
2022-08-17,7.32,7.27,7.42,7.24,33382.0,24371552.0,002420,-0.68,-0.05
2022-08-18,7.28,7.34,7.41,7.23,45479.0,33358012.0,002420,0.96,0.07
2022-08-19,7.36,7.21,7.4,7.2,35963.0,26157540.0,002420,-1.77,-0.13
2022-08-22,7.3,7.1,7.31,7.06,35626.0,25335204.0,002420,-1.53,-0.11
2022-08-23,7.07,7.15,7.15,7.04,21759.0,15471892.0,002420,0.7,0.05
2022-08-24,7.15,7.03,7.16,6.92,40736.0,28596872.0,002420,-1.68,-0.12
2022-08-25,7.01,6.89,7.07,6.81,31219.0,21553828.0,002420,-1.99,-0.14
2022-08-26,6.91,6.89,7.04,6.85,17903.0,12412340.0,002420,0.0,0.0
2022-08-29,6.92,6.98,7.02,6.79,15306.0,10618046.0,002420,1.31,0.09
2022-08-30,6.92,6.96,7.04,6.9,17044.0,11836062.0,002420,-0.29,-0.02
2022-08-31,6.96,6.6,7.0,6.59,50908.0,34048176.0,002420,-5.17,-0.36
2022-09-01,6.6,6.58,6.7,6.57,19965.0,13236878.0,002420,-0.3,-0.02
2022-09-02,6.65,6.77,6.79,6.6,18530.0,12445668.0,002420,2.89,0.19
2022-09-05,6.78,6.73,6.83,6.68,16598.0,11188371.0,002420,-0.59,-0.04
2022-09-06,6.77,6.79,6.81,6.69,17230.0,11639160.0,002420,0.89,0.06
2022-09-07,6.79,6.84,6.84,6.76,16707.0,11370891.0,002420,0.74,0.05
2022-09-08,6.84,6.68,6.9,6.66,20511.0,13863230.0,002420,-2.34,-0.16
2022-09-09,6.73,6.6,6.77,6.58,17671.0,11710279.0,002420,-1.2,-0.08
2022-09-13,6.67,6.6,6.69,6.55,22624.0,14949115.0,002420,0.0,0.0
2022-09-14,6.55,6.47,6.62,6.38,35165.0,22666552.0,002420,-1.97,-0.13
2022-09-15,6.51,6.22,6.53,6.13,45249.0,28522328.0,002420,-3.86,-0.25
2022-09-16,6.26,6.04,6.26,6.02,3131500.0,19130585.0,002420,-2.89,-0.18
2022-09-19,5.97,5.98,6.1,5.92,2513000.0,15016719.0,002420,-0.99,-0.06
2022-09-20,5.98,6.07,6.15,5.98,19490.0,11854636.0,002420,1.51,0.09
2022-09-21,6.1,6.14,6.22,5.9,22352.0,13644043.0,002420,1.15,0.07
2022-09-22,6.12,6.1,6.18,6.06,16794.0,10270246.0,002420,-0.65,-0.04
2022-09-23,6.18,5.92,6.18,5.9,25564.0,15316262.0,002420,-2.95,-0.18
2022-09-26,5.92,5.86,6.0,5.8,18611.0,11031508.0,002420,-1.01,-0.06
2022-09-27,5.92,6.06,6.07,5.86,22550.0,13487664.0,002420,3.41,0.2
2022-09-28,6.0,5.84,6.07,5.84,17040.0,,002420,-3.63,-0.22
2022-09-29,5.96,5.78,5.96,5.75,35137.0,,002420,-1.03,-0.06
2022-09-30,5.78,5.61,5.9,5.61,22402.0,,002420,-2.94,-0.17
2022-10-10,5.64,5.52,5.73,5.47,2285900.0,12761419.0,002420,-1.6,-0.09
2022-10-11,5.5,5.6,5.66,5.47,1767700.0,9827236.0,002420,1.45,0.08
2022-10-12,5.6,5.79,5.82,5.55,2810400.0,15989679.0,002420,3.39,0.19
2022-10-13,5.88,5.88,5.96,5.72,2517800.0,14807345.0,002420,1.55,0.09
2022-10-14,5.95,5.95,6.04,5.88,2465800.0,14733129.0,002420,1.19,0.07
2022-10-17,6.01,6.14,6.18,5.87,3227947.0,19590999.0,002420,3.19,0.19
2022-10-18,6.14,6.75,6.75,6.02,6527247.0,42813958.0,002420,9.94,0.61
2022-10-19,7.38,7.43,7.43,6.84,21641060.0,157358560.0,002420,10.07,0.68
2022-10-20,7.66,6.98,8.08,6.76,45544691.0,335304482.0,002420,-6.06,-0.45
2022-10-21,6.68,6.37,6.8,6.3,29281444.0,190867052.0,002420,-8.74,-0.61
2022-10-24,6.3,5.87,6.41,5.87,20345750.0,124246738.0,002420,-7.85,-0.5
2022-10-25,5.91,5.88,5.94,5.63,11650238.0,67473994.0,002420,0.17,0.01
2022-10-26,5.9,6.07,6.23,5.82,12997238.0,79432014.0,002420,3.23,0.19
2022-10-27,6.07,6.12,6.22,6.06,8528130.0,52244191.0,002420,0.82,0.05
2022-10-28,6.1,5.82,6.11,5.81,7008201.0,41588981.0,002420,-4.9,-0.3
2022-10-31,5.78,5.97,6.0,5.78,4749261.0,28151598.0,002420,2.58,0.15
2022-11-01,6.01,5.98,6.05,5.91,3972000.0,23761826.0,002420,0.17,0.01
2022-11-02,5.91,5.96,6.02,5.91,5045330.0,30149231.0,002420,-0.33,-0.02
2022-11-03,5.93,6.29,6.3,5.88,11005201.0,67999776.0,002420,5.54,0.33
2022-11-04,6.29,6.32,6.42,6.18,7249865.0,45563710.0,002420,0.48,0.03
2022-11-07,6.33,6.39,6.46,6.21,58682.0,37407664.0,002420,1.11,0.07
2022-11-08,6.38,6.45,6.48,6.34,52388.0,33667420.0,002420,0.94,0.06
2022-11-09,6.43,6.63,6.71,6.36,7393601.0,48388205.0,002420,2.79,0.18
2022-11-10,6.58,6.57,6.73,6.5,6464517.0,42768551.0,002420,-0.91,-0.06
2022-11-11,6.85,6.5,6.85,6.5,5017400.0,33168501.0,002420,-1.06,-0.07
2022-11-14,6.5,6.33,6.6,6.31,5162696.0,33097950.0,002420,-2.62,-0.17
2022-11-15,6.33,6.46,6.5,6.31,4100110.0,26222519.0,002420,2.05,0.13
2022-11-16,6.46,6.71,7.11,6.41,170496.0,116336800.0,002420,3.87,0.25
2022-11-17,6.78,6.56,6.83,6.46,9971608.0,65543167.0,002420,-2.23,-0.15
2022-11-18,6.59,6.6,6.98,6.59,8562754.0,57603114.0,002420,0.61,0.04
2022-11-21,6.64,7.26,7.26,6.53,22958361.0,161167565.0,002420,10.0,0.66
2022-11-22,7.07,6.99,7.55,6.88,28772225.0,205247690.0,002420,-3.72,-0.27
2022-11-23,7.02,6.99,7.16,6.86,16240695.0,113366859.0,002420,0.0,0.0
2022-11-24,6.97,7.09,7.17,6.72,178861.0,123911200.0,002420,1.43,0.1
2022-11-25,6.93,6.8,7.05,6.7,131055.0,89710008.0,002420,-4.09,-0.29
2022-11-28,6.8,7.48,7.48,6.7,30232244.0,225033614.0,002420,10.0,0.68
2022-11-29,7.6,8.23,8.23,7.54,28160194.0,223618139.0,002420,10.03,0.75
2022-11-30,9.05,9.05,9.05,9.05,9463168.0,85641670.0,002420,9.96,0.82
2022-12-01,9.96,9.96,9.96,8.7,142283936.0,1360352800.0,002420,10.05,0.91
2022-12-02,9.66,10.96,10.96,9.25,138556788.0,1453193496.0,002420,10.04,1.0
2022-12-05,10.9,9.86,10.9,9.86,144437771.0,1454227912.0,002420,-10.04,-1.1
2022-12-06,9.18,8.87,9.36,8.87,55619336.0,499550711.0,002420,-10.04,-0.99
2022-12-07,8.16,9.07,9.49,8.02,107537612.0,926876058.0,002420,2.25,0.2
2022-12-08,9.0,9.98,9.98,8.8,1237875.0,1168220416.0,002420,10.03,0.91
2022-12-09,10.3,10.98,10.98,10.03,751524.0,799749632.0,002420,10.02,1.0
2022-12-12,12.08,10.7,12.08,10.41,1730178.0,2012543360.0,002420,-2.55,-0.28
2022-12-13,9.64,11.1,11.58,9.63,1367373.0,1400887424.0,002420,3.74,0.4
2022-12-14,10.42,9.99,10.87,9.99,90430217.0,933647009.0,002420,-10.0,-1.11
2022-12-15,9.4,10.01,10.46,9.4,78295639.0,785755882.0,002420,0.2,0.02
2022-12-16,10.11,9.78,10.69,9.77,81642803.0,836192905.0,002420,-2.3,-0.23
2022-12-19,9.97,10.29,10.67,9.71,88850380.0,907191599.0,002420,5.21,0.51
2022-12-20,9.31,9.26,9.64,9.26,73710280.0,688913796.0,002420,-10.01,-1.03
2022-12-21,8.75,8.63,9.06,8.55,60920231.0,536955239.0,002420,-6.8,-0.63
2022-12-22,8.73,8.09,8.74,8.0,63885953.0,526087714.0,002420,-6.26,-0.54
2022-12-23,8.0,8.29,8.65,7.87,69295548.0,568212947.0,002420,2.47,0.2
2022-12-26,8.11,8.12,8.31,8.02,47314600.0,384675970.0,002420,-2.05,-0.17
2022-12-27,8.16,7.86,8.18,7.65,50243512.0,393595502.0,002420,-3.2,-0.26
2022-12-28,7.85,7.62,7.96,7.6,332147.0,255993024.0,002420,-3.05,-0.24
2022-12-29,7.52,7.55,7.8,7.51,263793.0,202082864.0,002420,-0.92,-0.07
2022-12-30,7.62,7.46,7.69,7.43,25089550.0,188999958.0,002420,-1.19,-0.09
2023-01-03,7.42,7.56,7.61,7.36,27747320.0,207861642.0,002420,1.34,0.1
2023-01-04,7.56,7.45,7.59,7.39,26367800.0,196977188.0,002420,-1.46,-0.11
2023-01-05,7.42,7.4,7.47,7.35,19031120.0,140832752.0,002420,-0.67,-0.05
2023-01-06,7.41,7.34,7.51,7.32,22688800.0,168000302.0,002420,-0.81,-0.06
2023-01-09,7.37,7.37,7.47,7.3,18804900.0,138686472.0,002420,0.41,0.03
2023-01-10,7.38,7.25,7.4,7.22,18004155.0,131178206.0,002420,-1.63,-0.12
2023-01-11,7.26,7.21,7.35,7.19,177163.0,128667448.0,002420,-0.55,-0.04
2023-01-12,7.21,7.18,7.32,7.14,17027600.0,122845315.0,002420,-0.42,-0.03
