date,open,close,high,low,vol,amount,code,pchange,change
2020-06-08,6.0,6.15,9.59,6.0,1438772.0,1031993024.0,601399,,
2020-06-09,5.84,5.84,5.84,5.84,38282.0,22356688.0,601399,-5.04,-0.31
2020-06-10,5.55,5.55,5.55,5.55,7415.0,4115325.0,601399,-4.97,-0.29
2020-06-11,5.27,5.27,5.27,5.27,5642.0,2973334.0,601399,-5.05,-0.28
2020-06-12,5.01,5.01,5.01,5.01,15245.0,7637745.0,601399,-4.93,-0.26
2020-06-15,4.76,4.76,5.0,4.76,806145.0,386646432.0,601399,-4.99,-0.25
2020-06-16,4.6,4.52,4.64,4.52,599246.0,272363232.0,601399,-5.04,-0.24
2020-06-17,4.54,4.56,4.67,4.5,421150.0,193165952.0,601399,0.88,0.04
2020-06-18,4.45,4.35,4.48,4.34,441993.0,194069200.0,601399,-4.61,-0.21
2020-06-19,4.37,4.57,4.57,4.33,326686.0,145175888.0,601399,5.06,0.22
2020-06-22,4.78,4.49,4.78,4.49,514625.0,238488240.0,601399,-1.75,-0.08
2020-06-23,4.36,4.66,4.71,4.36,507974.0,233660800.0,601399,3.79,0.17
2020-06-24,4.59,4.6,4.74,4.57,287463.0,133481520.0,601399,-1.29,-0.06
2020-06-29,4.56,4.63,4.71,4.44,249579.0,114624512.0,601399,0.65,0.03
2020-06-30,4.64,4.86,4.86,4.59,365525.0,176036592.0,601399,4.97,0.23
2020-07-01,4.94,5.1,5.1,4.88,185981.0,93787664.0,601399,4.94,0.24
2020-07-02,5.31,5.36,5.36,5.25,108642.0,57757396.0,601399,5.1,0.26
2020-07-03,5.58,5.18,5.63,5.09,687889.0,362509184.0,601399,-3.36,-0.18
2020-07-06,5.18,5.19,5.38,5.07,441114.0,229763600.0,601399,0.19,0.01
2020-07-07,5.2,5.1,5.22,5.05,385777.0,197206560.0,601399,-1.73,-0.09
2020-07-08,5.1,5.36,5.36,5.06,272583.0,143283312.0,601399,5.1,0.26
2020-07-09,5.5,5.39,5.58,5.28,478911.0,259362976.0,601399,0.56,0.03
2020-07-10,5.38,5.34,5.45,5.29,236377.0,126652336.0,601399,-0.93,-0.05
2020-07-13,5.35,5.5,5.6,5.35,300398.0,165016896.0,601399,3.0,0.16
2020-07-14,5.5,5.78,5.78,5.42,433799.0,244966256.0,601399,5.09,0.28
2020-07-15,5.81,5.7,6.07,5.68,539087.0,318914080.0,601399,-1.38,-0.08
2020-07-16,5.61,5.42,5.65,5.42,328383.0,180371984.0,601399,-4.91,-0.28
2020-07-17,5.33,5.22,5.36,5.16,248400.0,130414128.0,601399,-3.69,-0.2
2020-07-20,5.26,5.37,5.38,5.22,182099.0,96796272.0,601399,2.87,0.15
2020-07-21,5.35,5.25,5.38,5.23,181059.0,95600944.0,601399,-2.23,-0.12
2020-07-22,5.22,5.21,5.3,5.19,165380.0,86709760.0,601399,-0.76,-0.04
2020-07-23,5.15,5.01,5.18,4.95,271161.0,136488784.0,601399,-3.84,-0.2
2020-07-24,4.97,4.87,5.13,4.81,210552.0,104839456.0,601399,-2.79,-0.14
2020-07-27,4.88,5.11,5.11,4.83,157977.0,78694576.0,601399,4.93,0.24
2020-07-28,5.18,5.23,5.32,5.09,241496.0,125516512.0,601399,2.35,0.12
2020-07-29,5.17,5.25,5.27,5.14,148996.0,77841160.0,601399,0.38,0.02
2020-07-30,5.26,5.19,5.4,5.19,172977.0,91524944.0,601399,-1.14,-0.06
2020-07-31,5.12,5.15,5.23,5.07,173484.0,89220544.0,601399,-0.77,-0.04
2020-08-03,5.14,5.19,5.24,5.13,149936.0,77683240.0,601399,0.78,0.04
2020-08-04,5.2,5.09,5.22,5.08,151000.0,77428648.0,601399,-1.93,-0.1
2020-08-05,5.05,5.19,5.3,5.03,180847.0,93433704.0,601399,1.96,0.1
2020-08-06,5.15,5.13,5.18,5.09,115420.0,59130008.0,601399,-1.16,-0.06
2020-08-07,5.13,5.07,5.16,5.03,111232.0,56478108.0,601399,-1.17,-0.06
2020-08-10,5.07,5.11,5.21,5.03,111018.0,56936440.0,601399,0.79,0.04
2020-08-11,5.12,5.19,5.29,5.09,190102.0,98453960.0,601399,1.57,0.08
2020-08-12,5.13,5.45,5.45,5.11,344367.0,182952624.0,601399,5.01,0.26
2020-08-13,5.37,5.3,5.46,5.27,243173.0,130706976.0,601399,-2.75,-0.15
2020-08-14,5.32,5.38,5.48,5.27,170916.0,91640832.0,601399,1.51,0.08
2020-08-17,5.33,5.38,5.46,5.33,171947.0,92487016.0,601399,0.0,0.0
2020-08-18,5.39,5.32,5.44,5.3,146171.0,78280864.0,601399,-1.12,-0.06
2020-08-19,5.3,5.17,5.3,5.16,163356.0,85292272.0,601399,-2.82,-0.15
2020-08-20,5.12,5.14,5.21,5.11,90856.0,46821316.0,601399,-0.58,-0.03
2020-08-21,5.14,5.16,5.2,5.14,73115.0,37788396.0,601399,0.39,0.02
2020-08-24,5.19,5.25,5.37,5.15,131080.0,68923072.0,601399,1.74,0.09
2020-08-25,5.24,5.18,5.29,5.16,118268.0,61540484.0,601399,-1.33,-0.07
2020-08-26,4.96,4.92,5.09,4.92,241947.0,119993336.0,601399,-5.02,-0.26
2020-08-27,4.88,4.7,4.88,4.67,200699.0,95065288.0,601399,-4.47,-0.22
2020-08-28,4.68,4.77,4.81,4.67,108259.0,51288972.0,601399,1.49,0.07
2020-08-31,4.77,4.74,4.79,4.73,85603.0,40724900.0,601399,-0.63,-0.03
2020-09-01,4.74,4.62,4.74,4.56,138974.0,64428724.0,601399,-2.53,-0.12
2020-09-02,4.63,4.51,4.64,4.49,159364.0,72299544.0,601399,-2.38,-0.11
2020-09-03,4.52,4.6,4.64,4.48,124443.0,56877568.0,601399,2.0,0.09
2020-09-04,4.52,4.58,4.58,4.5,79646.0,36180400.0,601399,-0.43,-0.02
2020-09-07,4.56,4.64,4.76,4.53,127490.0,59168480.0,601399,1.31,0.06
2020-09-08,4.63,4.61,4.65,4.56,88704.0,40825772.0,601399,-0.65,-0.03
2020-09-09,4.56,4.48,4.59,4.46,114718.0,51800384.0,601399,-2.82,-0.13
2020-09-10,4.5,4.4,4.53,4.36,105192.0,46705560.0,601399,-1.79,-0.08
2020-09-11,4.36,4.44,4.47,4.34,79160.0,34895768.0,601399,0.91,0.04
2020-09-14,4.45,4.41,4.47,4.4,65741.0,29135160.0,601399,-0.68,-0.03
2020-09-15,4.41,4.42,4.47,4.41,55598.0,24637946.0,601399,0.23,0.01
2020-09-16,4.42,4.49,4.53,4.41,97508.0,43717472.0,601399,1.58,0.07
2020-09-17,4.49,4.48,4.52,4.46,65890.0,29499960.0,601399,-0.22,-0.01
2020-09-18,4.49,4.49,4.5,4.45,56795.0,25445184.0,601399,0.22,0.01
2020-09-21,4.5,4.44,4.5,4.43,68553.0,30590732.0,601399,-1.11,-0.05
2020-09-22,4.41,4.35,4.41,4.34,76706.0,33556688.0,601399,-2.03,-0.09
2020-09-23,4.37,4.36,4.37,4.34,42625.0,18572564.0,601399,0.23,0.01
2020-09-24,4.34,4.14,4.34,4.14,171966.0,72101760.0,601399,-5.05,-0.22
2020-09-25,4.12,3.99,4.17,3.98,139851.0,56395332.0,601399,-3.62,-0.15
2020-09-28,4.01,3.82,4.01,3.8,112840.0,43906128.0,601399,-4.26,-0.17
2020-09-29,3.8,3.85,3.93,3.79,79421.0,30588618.0,601399,0.79,0.03
2020-09-30,3.85,3.82,3.86,3.81,47294.0,18132370.0,601399,-0.78,-0.03
2020-10-09,3.84,3.91,3.93,3.84,52834.0,20575852.0,601399,2.36,0.09
2020-10-12,3.92,3.95,3.98,3.89,79076.0,31187712.0,601399,1.02,0.04
2020-10-13,3.95,3.91,3.95,3.89,66180.0,25897420.0,601399,-1.01,-0.04
2020-10-14,3.91,3.96,4.04,3.91,82490.0,32846516.0,601399,1.28,0.05
2020-10-15,3.95,3.91,3.96,3.89,56885.0,22271992.0,601399,-1.26,-0.05
2020-10-16,3.9,3.9,3.94,3.87,38841.0,15156338.0,601399,-0.26,-0.01
2020-10-19,3.91,3.93,3.95,3.9,50468.0,19795430.0,601399,0.77,0.03
2020-10-20,3.91,3.92,3.93,3.89,41899.0,16370115.0,601399,-0.25,-0.01
2020-10-21,3.92,3.85,3.93,3.84,51810.0,20068856.0,601399,-1.79,-0.07
2020-10-22,3.84,3.81,3.84,3.8,53187.0,20260252.0,601399,-1.04,-0.04
2020-10-23,3.81,3.82,3.85,3.79,50677.0,19349212.0,601399,0.26,0.01
2020-10-26,3.85,4.01,4.01,3.82,91084.0,36239584.0,601399,4.97,0.19
2020-10-27,4.05,3.94,4.14,3.94,176916.0,71463040.0,601399,-1.75,-0.07
2020-10-28,3.96,4.01,4.09,3.94,141189.0,56588024.0,601399,1.78,0.07
2020-10-29,3.96,3.93,3.97,3.91,84681.0,33298656.0,601399,-2.0,-0.08
2020-10-30,3.93,3.91,3.98,3.88,87351.0,34228868.0,601399,-0.51,-0.02
2020-11-02,3.9,3.85,3.96,3.84,69100.0,26810406.0,601399,-1.53,-0.06
2020-11-03,3.87,3.92,3.92,3.82,61205.0,23720156.0,601399,1.82,0.07
2020-11-04,3.92,3.9,3.97,3.87,55503.0,21714204.0,601399,-0.51,-0.02
2020-11-05,3.93,4.0,4.06,3.93,134473.0,53673588.0,601399,2.56,0.1
2020-11-06,3.97,4.0,4.09,3.96,149297.0,60001240.0,601399,0.0,0.0
2020-11-09,4.0,4.02,4.08,4.0,161366.0,65018008.0,601399,0.5,0.02
2020-11-10,4.02,3.98,4.03,3.97,101339.0,40459676.0,601399,-1.0,-0.04
2020-11-11,3.97,3.99,4.02,3.94,92444.0,36721248.0,601399,0.25,0.01
2020-11-12,4.01,4.09,4.17,3.98,267476.0,109415584.0,601399,2.51,0.1
2020-11-13,4.07,4.18,4.27,4.06,261699.0,108966840.0,601399,2.2,0.09
2020-11-16,4.18,4.16,4.28,4.14,191792.0,80451984.0,601399,-0.48,-0.02
2020-11-17,4.14,4.07,4.15,4.04,169610.0,69228824.0,601399,-2.16,-0.09
2020-11-18,4.06,4.1,4.15,4.03,111335.0,45577416.0,601399,0.74,0.03
2020-11-19,4.12,4.06,4.12,4.06,96291.0,39263028.0,601399,-0.98,-0.04
2020-11-20,4.08,4.07,4.08,4.02,92651.0,37504256.0,601399,0.25,0.01
2020-11-23,4.07,4.09,4.11,4.04,100817.0,41094312.0,601399,0.49,0.02
2020-11-24,4.08,4.06,4.11,4.06,76322.0,31071256.0,601399,-0.73,-0.03
2020-11-25,4.07,4.03,4.08,4.02,85749.0,34683364.0,601399,-0.74,-0.03
2020-11-26,4.02,4.07,4.11,4.0,99414.0,40214016.0,601399,0.99,0.04
2020-11-27,4.06,4.07,4.09,4.03,73738.0,29946560.0,601399,0.0,0.0
2020-11-30,4.07,4.1,4.15,4.07,124129.0,51039488.0,601399,0.74,0.03
2020-12-01,4.09,4.1,4.13,4.08,100552.0,41264840.0,601399,0.0,0.0
2020-12-02,4.1,4.11,4.13,4.07,99802.0,40887476.0,601399,0.24,0.01
2020-12-03,4.11,4.06,4.11,4.05,84820.0,34643732.0,601399,-1.22,-0.05
2020-12-04,4.05,4.05,4.09,4.04,78201.0,31752722.0,601399,-0.25,-0.01
2020-12-07,4.05,3.97,4.05,3.97,123313.0,49459760.0,601399,-1.98,-0.08
2020-12-08,3.97,3.97,4.0,3.95,60728.0,24105748.0,601399,0.0,0.0
2020-12-09,3.99,3.95,4.02,3.94,67326.0,26800536.0,601399,-0.5,-0.02
2020-12-10,3.95,3.91,3.95,3.89,67498.0,26416008.0,601399,-1.01,-0.04
2020-12-11,3.91,3.86,3.95,3.81,98291.0,38042384.0,601399,-1.28,-0.05
2020-12-14,3.86,3.87,3.89,3.83,50933.0,19665456.0,601399,0.26,0.01
2020-12-15,3.88,3.92,3.99,3.86,82193.0,32277840.0,601399,1.29,0.05
2020-12-16,3.9,3.83,3.92,3.81,83315.0,32121276.0,601399,-2.3,-0.09
2020-12-17,3.82,3.73,3.84,3.64,151120.0,56015780.0,601399,-2.61,-0.1
2020-12-18,3.73,3.76,3.82,3.72,64513.0,24292378.0,601399,0.8,0.03
2020-12-21,3.75,3.78,3.8,3.73,54438.0,20525144.0,601399,0.53,0.02
2020-12-22,3.76,3.76,3.83,3.74,70960.0,26821870.0,601399,-0.53,-0.02
2020-12-23,3.74,3.76,3.79,3.74,51124.0,19199256.0,601399,0.0,0.0
2020-12-24,3.76,3.7,3.77,3.7,68784.0,25646036.0,601399,-1.6,-0.06
2020-12-25,3.77,3.89,3.89,3.76,58069.0,22363126.0,601399,5.14,0.19
2020-12-28,3.95,3.86,3.99,3.85,140199.0,54782744.0,601399,-0.77,-0.03
2020-12-29,3.84,3.82,3.87,3.8,82989.0,31709874.0,601399,-1.04,-0.04
2020-12-30,3.81,3.8,3.84,3.8,52462.0,20010422.0,601399,-0.52,-0.02
2020-12-31,3.81,3.99,3.99,3.81,200398.0,79239720.0,601399,5.0,0.19
2021-01-04,3.91,3.96,4.01,3.9,176033.0,69660920.0,601399,-0.75,-0.03
2021-01-05,3.94,3.89,4.0,3.89,131013.0,51600856.0,601399,-1.77,-0.07
2021-01-06,3.89,3.91,3.95,3.86,93997.0,36670888.0,601399,0.51,0.02
2021-01-07,3.9,3.76,3.91,3.72,145213.0,55314644.0,601399,-3.84,-0.15
2021-01-08,3.78,3.81,3.86,3.65,87289.0,32749144.0,601399,1.33,0.05
2021-01-11,3.81,3.72,3.84,3.7,77582.0,29241434.0,601399,-2.36,-0.09
2021-01-12,3.72,3.75,3.76,3.7,45889.0,17108990.0,601399,0.81,0.03
2021-01-13,3.76,3.69,3.77,3.66,74618.0,27570520.0,601399,-1.6,-0.06
2021-01-14,3.67,3.68,3.73,3.62,67193.0,24662992.0,601399,-0.27,-0.01
2021-01-15,3.69,3.73,3.75,3.67,52347.0,19467688.0,601399,1.36,0.05
2021-01-18,3.72,3.72,3.79,3.7,83110.0,31020970.0,601399,-0.27,-0.01
2021-01-19,3.72,3.73,3.75,3.69,56169.0,20893608.0,601399,0.27,0.01
2021-01-20,3.72,3.68,3.73,3.68,62082.0,22952806.0,601399,-1.34,-0.05
2021-01-21,3.7,3.7,3.73,3.66,63440.0,23443480.0,601399,0.54,0.02
2021-01-22,3.69,3.66,3.71,3.66,54134.0,19904124.0,601399,-1.08,-0.04
2021-01-25,3.66,3.66,3.71,3.64,67085.0,24637340.0,601399,0.0,0.0
2021-01-26,3.65,3.59,3.66,3.58,75353.0,27248600.0,601399,-1.91,-0.07
2021-01-27,3.59,3.45,3.61,3.43,108044.0,37817572.0,601399,-3.9,-0.14
2021-01-28,3.4,3.38,3.44,3.37,86514.0,29364264.0,601399,-2.03,-0.07
2021-01-29,3.4,3.35,3.41,3.23,84200.0,28213104.0,601399,-0.89,-0.03
2021-02-01,3.36,3.34,3.38,3.3,50166.0,16743514.0,601399,-0.3,-0.01
2021-02-02,3.35,3.51,3.51,3.32,140728.0,49010492.0,601399,5.09,0.17
2021-02-03,3.46,3.39,3.48,3.39,93205.0,31965392.0,601399,-3.42,-0.12
2021-02-04,3.36,3.32,3.4,3.31,59411.0,19880862.0,601399,-2.06,-0.07
2021-02-05,3.32,3.48,3.49,3.32,123316.0,42294784.0,601399,4.82,0.16
2021-02-08,3.45,3.47,3.56,3.44,86995.0,30423592.0,601399,-0.29,-0.01
2021-02-09,3.46,3.46,3.52,3.45,60365.0,21020292.0,601399,-0.29,-0.01
2021-02-10,3.47,3.51,3.54,3.47,46431.0,16273529.0,601399,1.45,0.05
2021-02-18,3.54,3.6,3.68,3.52,77110.0,27775408.0,601399,2.56,0.09
2021-02-19,3.6,3.65,3.66,3.56,66793.0,24195272.0,601399,1.39,0.05
2021-02-22,3.68,3.65,3.77,3.63,108553.0,40132532.0,601399,0.0,0.0
2021-02-23,3.65,3.58,3.65,3.57,74651.0,26865800.0,601399,-1.92,-0.07
2021-02-24,3.57,3.59,3.63,3.55,52069.0,18676768.0,601399,0.28,0.01
2021-02-25,3.62,3.64,3.72,3.58,99440.0,36355408.0,601399,1.39,0.05
2021-02-26,3.61,3.69,3.7,3.58,68719.0,24996926.0,601399,1.37,0.05
2021-03-01,3.68,3.84,3.87,3.67,148576.0,56415428.0,601399,4.07,0.15
2021-03-02,3.82,3.79,3.86,3.78,77712.0,29610176.0,601399,-1.3,-0.05
2021-03-03,3.79,3.93,3.95,3.79,113683.0,44275360.0,601399,3.69,0.14
2021-03-04,3.91,3.89,3.98,3.87,77363.0,30255668.0,601399,-1.02,-0.04
2021-03-05,3.89,3.93,3.98,3.87,93814.0,36932484.0,601399,1.03,0.04
2021-03-08,3.93,3.79,3.97,3.77,130538.0,50599416.0,601399,-3.56,-0.14
2021-03-09,3.79,3.76,3.88,3.66,114506.0,43305960.0,601399,-0.79,-0.03
2021-03-10,3.79,3.74,3.8,3.73,52396.0,19677076.0,601399,-0.53,-0.02
2021-03-11,3.74,3.77,3.79,3.73,48302.0,18151264.0,601399,0.8,0.03
2021-03-12,3.77,3.8,3.83,3.73,57217.0,21643176.0,601399,0.8,0.03
2021-03-15,3.82,3.86,3.91,3.79,68678.0,26533568.0,601399,1.58,0.06
2021-03-16,3.89,3.9,3.94,3.86,55854.0,21769848.0,601399,1.04,0.04
2021-03-17,3.92,3.89,3.92,3.87,56141.0,21811534.0,601399,-0.26,-0.01
2021-03-18,3.9,3.9,3.94,3.88,59749.0,23371302.0,601399,0.26,0.01
2021-03-19,3.89,3.97,4.09,3.88,151795.0,60741308.0,601399,1.79,0.07
2021-03-22,3.95,3.98,4.04,3.94,109500.0,43703080.0,601399,0.25,0.01
2021-03-23,3.98,3.96,3.99,3.95,66471.0,26371394.0,601399,-0.5,-0.02
2021-03-24,3.98,4.0,4.05,3.96,86847.0,34698400.0,601399,1.01,0.04
2021-03-25,3.99,3.93,3.99,3.92,69364.0,27402360.0,601399,-1.75,-0.07
2021-03-26,3.93,3.96,4.0,3.93,53954.0,21409980.0,601399,0.76,0.03
2021-03-29,3.97,4.0,4.02,3.95,73401.0,29274684.0,601399,1.01,0.04
2021-03-30,3.99,3.97,4.02,3.96,62275.0,24839428.0,601399,-0.75,-0.03
2021-03-31,3.95,3.97,3.98,3.93,53520.0,21179054.0,601399,0.0,0.0
2021-04-01,3.98,3.98,4.03,3.97,51040.0,20376988.0,601399,0.25,0.01
2021-04-02,3.97,3.97,3.99,3.96,53758.0,21359544.0,601399,-0.25,-0.01
2021-04-06,3.98,4.0,4.04,3.98,72312.0,28956468.0,601399,0.76,0.03
2021-04-07,4.0,3.99,4.0,3.96,53150.0,21168916.0,601399,-0.25,-0.01
2021-04-08,4.0,4.0,4.04,3.98,55922.0,22425282.0,601399,0.25,0.01
2021-04-09,4.0,4.0,4.03,3.99,70167.0,28091292.0,601399,0.0,0.0
2021-04-12,4.0,4.06,4.15,4.0,163294.0,66670816.0,601399,1.5,0.06
2021-04-13,4.06,3.86,4.1,3.86,190104.0,75298944.0,601399,-4.93,-0.2
2021-04-14,3.81,3.86,3.87,3.67,122820.0,46507856.0,601399,0.0,0.0
2021-04-15,3.84,3.83,3.86,3.8,57834.0,22099728.0,601399,-0.78,-0.03
2021-04-16,3.82,3.98,4.01,3.82,129648.0,51138424.0,601399,3.92,0.15
2021-04-19,3.97,4.0,4.1,3.97,136646.0,54933472.0,601399,0.5,0.02
2021-04-20,4.02,4.0,4.1,3.98,222307.0,89517144.0,601399,0.0,0.0
2021-04-21,4.0,4.0,4.07,3.87,240433.0,96176928.0,601399,0.0,0.0
2021-04-22,3.98,4.0,4.02,3.97,122590.0,48941264.0,601399,0.0,0.0
2021-04-23,4.0,4.03,4.18,3.98,277455.0,112381568.0,601399,0.75,0.03
2021-04-26,4.04,4.06,4.1,3.98,180317.0,73036496.0,601399,0.74,0.03
2021-04-27,4.05,4.08,4.13,3.99,214970.0,87646648.0,601399,0.49,0.02
2021-04-28,4.05,4.01,4.08,4.0,165520.0,66553736.0,601399,-1.72,-0.07
2021-04-29,4.01,4.04,4.07,4.0,122241.0,49358380.0,601399,0.75,0.03
2021-04-30,4.04,4.22,4.24,4.02,298488.0,123622624.0,601399,4.46,0.18
2021-05-06,4.2,4.33,4.4,4.13,255398.0,108969560.0,601399,2.61,0.11
2021-05-07,4.29,4.23,4.35,4.19,231136.0,98309248.0,601399,-2.31,-0.1
2021-05-11,4.22,4.14,4.43,4.02,633234.0,264415552.0,601399,-2.13,-0.09
2021-05-12,4.13,4.23,4.55,4.11,591570.0,257759440.0,601399,2.17,0.09
2021-05-13,4.1,3.96,4.11,3.96,504073.0,203679392.0,601399,-6.38,-0.27
2021-05-14,3.95,3.83,3.99,3.82,388797.0,150846592.0,601399,-3.28,-0.13
2021-05-17,3.8,3.67,3.83,3.66,307810.0,114387760.0,601399,-4.18,-0.16
2021-05-18,3.67,3.72,3.78,3.66,208419.0,77587312.0,601399,1.36,0.05
2021-05-19,3.71,3.63,3.74,3.63,195535.0,71995736.0,601399,-2.42,-0.09
2021-05-20,3.61,3.56,3.66,3.53,213337.0,76252576.0,601399,-1.93,-0.07
2021-05-21,3.57,3.64,3.76,3.53,221206.0,80664392.0,601399,2.25,0.08
2021-05-24,3.64,3.62,3.66,3.59,144287.0,52144536.0,601399,-0.55,-0.02
2021-05-25,3.61,3.61,3.64,3.57,130282.0,46978104.0,601399,-0.28,-0.01
2021-05-26,3.65,3.68,3.69,3.62,156893.0,57393180.0,601399,1.94,0.07
2021-05-27,3.7,3.65,3.7,3.64,112244.0,41143796.0,601399,-0.82,-0.03
2021-05-28,3.64,3.58,3.65,3.58,140372.0,50617940.0,601399,-1.92,-0.07
2021-05-31,3.58,3.61,3.61,3.54,126036.0,44908256.0,601399,0.84,0.03
2021-06-01,3.6,3.6,3.64,3.56,112380.0,40406432.0,601399,-0.28,-0.01
2021-06-02,3.59,3.55,3.6,3.54,120418.0,42942992.0,601399,-1.39,-0.05
2021-06-03,3.54,3.46,3.54,3.43,168798.0,58700388.0,601399,-2.54,-0.09
2021-06-04,3.45,3.38,3.46,3.37,150633.0,51232736.0,601399,-2.31,-0.08
2021-06-07,3.38,3.48,3.5,3.38,146945.0,50499728.0,601399,2.96,0.1
2021-06-08,3.45,3.83,3.83,3.45,261880.0,98307840.0,601399,10.06,0.35
2021-06-09,4.01,3.7,4.1,3.7,590109.0,228457520.0,601399,-3.39,-0.13
2021-06-10,3.66,3.58,3.7,3.49,545408.0,194976352.0,601399,-3.24,-0.12
2021-06-11,3.57,3.52,3.7,3.52,307484.0,110175488.0,601399,-1.68,-0.06
2021-06-15,3.47,3.42,3.52,3.41,243725.0,84034288.0,601399,-2.84,-0.1
2021-06-16,3.44,3.44,3.49,3.41,165382.0,56843648.0,601399,0.58,0.02
2021-06-17,3.43,3.41,3.43,3.38,162507.0,55372072.0,601399,-0.87,-0.03
2021-06-18,3.42,3.42,3.46,3.37,147398.0,50278340.0,601399,0.29,0.01
2021-06-21,3.41,3.43,3.44,3.39,134986.0,46067716.0,601399,0.29,0.01
2021-06-22,3.42,3.42,3.45,3.4,204842.0,70061040.0,601399,-0.29,-0.01
2021-06-23,3.42,3.4,3.42,3.37,181447.0,61494060.0,601399,-0.58,-0.02
2021-06-24,3.39,3.36,3.39,3.34,154445.0,51885040.0,601399,-1.18,-0.04
2021-06-25,3.35,3.41,3.45,3.35,200886.0,68469736.0,601399,1.49,0.05
2021-06-28,3.44,3.38,3.44,3.37,144365.0,49001156.0,601399,-0.88,-0.03
2021-06-29,3.36,3.36,3.4,3.35,103839.0,35042680.0,601399,-0.59,-0.02
2021-06-30,3.36,3.31,3.38,3.29,189452.0,62921624.0,601399,-1.49,-0.05
2021-07-01,3.32,3.32,3.34,3.24,181822.0,59834200.0,601399,0.3,0.01
2021-07-02,3.31,3.27,3.31,3.26,100503.0,32974872.0,601399,-1.51,-0.05
2021-07-05,3.26,3.28,3.29,3.25,92864.0,30375556.0,601399,0.31,0.01
2021-07-06,3.28,3.28,3.29,3.25,95075.0,31041538.0,601399,0.0,0.0
2021-07-07,3.27,3.27,3.28,3.25,85426.0,27892328.0,601399,-0.3,-0.01
2021-07-08,3.26,3.32,3.4,3.26,194466.0,64782568.0,601399,1.53,0.05
2021-07-09,3.3,3.34,3.37,3.25,181354.0,59932128.0,601399,0.6,0.02
2021-07-12,3.36,3.36,3.38,3.33,107214.0,35930004.0,601399,0.6,0.02
2021-07-13,3.34,3.34,3.35,3.32,87816.0,29255552.0,601399,-0.6,-0.02
2021-07-14,3.34,3.29,3.34,3.28,87501.0,28940344.0,601399,-1.5,-0.05
2021-07-15,3.3,3.27,3.3,3.26,75452.0,24712538.0,601399,-0.61,-0.02
2021-07-16,3.27,3.28,3.3,3.26,65191.0,21360108.0,601399,0.31,0.01
2021-07-19,3.28,3.25,3.29,3.24,77981.0,25367544.0,601399,-0.91,-0.03
2021-07-20,3.24,3.19,3.25,3.16,123114.0,39324600.0,601399,-1.85,-0.06
2021-07-21,3.19,3.19,3.21,3.17,78854.0,25128480.0,601399,0.0,0.0
2021-07-22,3.19,3.25,3.28,3.16,151953.0,49041164.0,601399,1.88,0.06
2021-07-23,3.24,3.38,3.47,3.21,315812.0,105896240.0,601399,4.0,0.13
2021-07-26,3.36,3.27,3.37,3.26,187409.0,61838340.0,601399,-3.25,-0.11
2021-07-27,3.27,3.22,3.31,3.21,119355.0,38825188.0,601399,-1.53,-0.05
2021-07-28,3.2,3.12,3.21,3.1,148461.0,46519796.0,601399,-3.11,-0.1
2021-07-29,3.13,3.16,3.17,3.12,81512.0,25647340.0,601399,1.28,0.04
2021-07-30,3.15,3.19,3.22,3.13,110614.0,35236796.0,601399,0.95,0.03
2021-08-02,3.18,3.51,3.51,3.18,501988.0,173062288.0,601399,10.03,0.32
2021-08-03,3.65,3.51,3.65,3.43,876650.0,311304960.0,601399,0.0,0.0
2021-08-04,3.44,3.47,3.51,3.41,391661.0,135627312.0,601399,-1.14,-0.04
2021-08-05,3.47,3.49,3.6,3.45,337891.0,118387600.0,601399,0.58,0.02
2021-08-06,3.52,3.41,3.53,3.36,276656.0,94592488.0,601399,-2.29,-0.08
2021-08-09,3.38,3.55,3.59,3.37,380543.0,133382552.0,601399,4.11,0.14
2021-08-10,3.53,3.55,3.63,3.52,335311.0,119473440.0,601399,0.0,0.0
2021-08-11,3.54,3.68,3.79,3.49,485047.0,175779904.0,601399,3.66,0.13
2021-08-12,3.7,3.7,3.84,3.66,419670.0,156801568.0,601399,0.54,0.02
2021-08-13,3.7,3.77,3.77,3.63,446128.0,165615168.0,601399,1.89,0.07
2021-08-16,4.07,3.82,4.09,3.81,707562.0,277970880.0,601399,1.33,0.05
2021-08-17,3.77,4.11,4.19,3.77,942133.0,381112000.0,601399,7.59,0.29
2021-08-18,4.01,3.92,4.03,3.84,691491.0,271943104.0,601399,-4.62,-0.19
2021-08-19,3.9,3.68,3.9,3.67,512959.0,192270688.0,601399,-6.12,-0.24
2021-08-20,3.68,3.73,3.83,3.68,353876.0,132794824.0,601399,1.36,0.05
2021-08-23,3.75,3.89,3.94,3.69,415664.0,159872896.0,601399,4.29,0.16
2021-08-24,3.9,3.82,3.9,3.78,341305.0,130483320.0,601399,-1.8,-0.07
2021-08-25,3.79,3.74,3.81,3.71,262291.0,97903856.0,601399,-2.09,-0.08
2021-08-26,3.71,3.73,3.78,3.69,236335.0,88491392.0,601399,-0.27,-0.01
2021-08-27,3.7,3.58,3.73,3.57,326380.0,117863216.0,601399,-4.02,-0.15
2021-08-30,3.61,3.62,3.66,3.56,219734.0,79338208.0,601399,1.12,0.04
2021-08-31,3.63,3.55,3.64,3.52,190927.0,67990544.0,601399,-1.93,-0.07
2021-09-01,3.57,3.91,3.91,3.57,676270.0,254549168.0,601399,10.14,0.36
2021-09-02,3.9,3.99,4.1,3.82,853279.0,337924672.0,601399,2.05,0.08
2021-09-03,3.98,3.95,4.04,3.87,489375.0,193130336.0,601399,-1.0,-0.04
2021-09-06,3.95,3.96,4.03,3.89,362319.0,143725360.0,601399,0.25,0.01
2021-09-07,3.94,4.02,4.11,3.93,515469.0,206906976.0,601399,1.52,0.06
2021-09-08,4.0,4.07,4.2,3.97,496929.0,203422224.0,601399,1.24,0.05
2021-09-09,4.02,4.07,4.15,3.96,455367.0,183424864.0,601399,0.0,0.0
2021-09-10,4.04,3.95,4.12,3.94,409286.0,164781168.0,601399,-2.95,-0.12
2021-09-13,3.93,4.06,4.08,3.89,429700.0,172716096.0,601399,2.78,0.11
2021-09-14,4.06,3.88,4.07,3.86,379606.0,150318432.0,601399,-4.43,-0.18
2021-09-15,3.88,3.93,3.95,3.87,201283.0,78694736.0,601399,1.29,0.05
2021-09-16,3.93,3.92,4.02,3.89,304503.0,120534112.0,601399,-0.25,-0.01
2021-09-17,3.92,4.05,4.06,3.84,424374.0,168515728.0,601399,3.32,0.13
2021-09-22,4.01,4.14,4.17,3.96,580654.0,238098032.0,601399,2.22,0.09
2021-09-23,4.18,4.1,4.21,4.05,404535.0,166048848.0,601399,-0.97,-0.04
2021-09-24,4.09,3.92,4.11,3.9,369892.0,147202544.0,601399,-4.39,-0.18
2021-09-27,3.92,3.75,3.95,3.69,291809.0,110378288.0,601399,-4.34,-0.17
2021-09-28,3.75,3.83,3.83,3.73,148978.0,56433900.0,601399,2.13,0.08
2021-09-29,3.79,3.7,3.8,3.68,164997.0,61585000.0,601399,-3.39,-0.13
2021-09-30,3.7,3.75,3.76,3.7,110233.0,41122944.0,601399,1.35,0.05
2021-10-08,3.79,3.81,3.81,3.75,125958.0,47584864.0,601399,1.6,0.06
2021-10-11,3.81,3.77,3.84,3.75,91459.0,34542956.0,601399,-1.05,-0.04
2021-10-12,3.8,3.66,3.8,3.63,148067.0,54665752.0,601399,-2.92,-0.11
2021-10-13,3.66,3.61,3.68,3.58,98099.0,35414284.0,601399,-1.37,-0.05
2021-10-14,3.62,3.65,3.66,3.56,80152.0,29006332.0,601399,1.11,0.04
2021-10-15,3.65,3.57,3.66,3.57,81621.0,29330850.0,601399,-2.19,-0.08
2021-10-18,3.56,3.57,3.61,3.54,76925.0,27535482.0,601399,0.0,0.0
2021-10-19,3.58,3.6,3.63,3.57,63200.0,22750836.0,601399,0.84,0.03
2021-10-20,3.6,3.56,3.6,3.55,72731.0,25948298.0,601399,-1.11,-0.04
2021-10-21,3.55,3.49,3.58,3.46,106837.0,37629792.0,601399,-1.97,-0.07
2021-10-22,3.48,3.41,3.5,3.4,108553.0,37207760.0,601399,-2.29,-0.08
2021-10-25,3.41,3.55,3.62,3.37,139171.0,48707976.0,601399,4.11,0.14
2021-10-26,3.53,3.47,3.56,3.45,96727.0,33814336.0,601399,-2.25,-0.08
2021-10-27,3.48,3.47,3.53,3.45,77839.0,27113136.0,601399,0.0,0.0
2021-10-28,3.46,3.41,3.48,3.39,76631.0,26163864.0,601399,-1.73,-0.06
2021-10-29,3.43,3.45,3.48,3.4,68259.0,23477744.0,601399,1.17,0.04
2021-11-01,3.47,3.53,3.54,3.43,73791.0,25903516.0,601399,2.32,0.08
2021-11-02,3.53,3.61,3.63,3.47,138841.0,49141128.0,601399,2.27,0.08
2021-11-03,3.55,3.58,3.68,3.55,96337.0,34743516.0,601399,-0.83,-0.03
2021-11-04,3.58,3.94,3.94,3.56,579576.0,221663168.0,601399,10.06,0.36
2021-11-05,3.85,3.75,3.9,3.71,549725.0,207725296.0,601399,-4.82,-0.19
2021-11-08,3.72,3.77,3.79,3.68,234189.0,87504176.0,601399,0.53,0.02
2021-11-09,3.77,3.7,3.78,3.7,171092.0,63921776.0,601399,-1.86,-0.07
2021-11-10,3.7,3.8,3.83,3.66,215976.0,80837824.0,601399,2.7,0.1
2021-11-11,3.79,3.77,3.8,3.74,146703.0,55206092.0,601399,-0.79,-0.03
2021-11-12,3.75,3.79,3.79,3.73,148274.0,55852636.0,601399,0.53,0.02
2021-11-15,3.79,3.75,3.83,3.75,179523.0,67770808.0,601399,-1.06,-0.04
2021-11-16,3.77,3.68,3.77,3.66,181067.0,67064204.0,601399,-1.87,-0.07
2021-11-17,3.69,3.71,3.73,3.65,162841.0,60103804.0,601399,0.82,0.03
2021-11-18,3.7,3.77,3.8,3.69,258126.0,96950064.0,601399,1.62,0.06
2021-11-19,3.77,3.77,3.78,3.7,225702.0,84300040.0,601399,0.0,0.0
2021-11-22,3.78,3.75,3.87,3.73,292735.0,111062904.0,601399,-0.53,-0.02
2021-11-23,3.71,3.72,3.76,3.69,247411.0,91986008.0,601399,-0.8,-0.03
2021-11-24,3.72,3.62,3.72,3.6,295638.0,107577840.0,601399,-2.69,-0.1
2021-11-25,3.62,3.57,3.64,3.56,209662.0,75085376.0,601399,-1.38,-0.05
2021-11-26,3.58,3.54,3.58,3.52,132613.0,46936232.0,601399,-0.84,-0.03
2021-11-29,3.49,3.56,3.56,3.45,135829.0,47697156.0,601399,0.56,0.02
2021-11-30,3.56,3.58,3.64,3.55,166093.0,59733940.0,601399,0.56,0.02
2021-12-01,3.58,3.61,3.63,3.57,132386.0,47794536.0,601399,0.84,0.03
2021-12-02,3.61,3.65,3.67,3.6,167319.0,60932452.0,601399,1.11,0.04
2021-12-03,3.66,3.65,3.68,3.61,141663.0,51578036.0,601399,0.0,0.0
2021-12-06,3.64,3.57,3.65,3.56,161520.0,58276380.0,601399,-2.19,-0.08
2021-12-07,3.59,3.6,3.62,3.57,133573.0,48007360.0,601399,0.84,0.03
2021-12-08,3.61,3.6,3.63,3.58,139316.0,50201576.0,601399,0.0,0.0
2021-12-09,3.58,3.58,3.61,3.57,160218.0,57535264.0,601399,-0.56,-0.02
2021-12-10,3.57,3.55,3.58,3.54,187591.0,66691888.0,601399,-0.84,-0.03
2021-12-13,3.56,3.58,3.61,3.54,166612.0,59704904.0,601399,0.85,0.03
2021-12-14,3.58,3.52,3.58,3.51,170500.0,60292064.0,601399,-1.68,-0.06
2021-12-15,3.51,3.54,3.57,3.51,144248.0,51171796.0,601399,0.57,0.02
2021-12-16,3.52,3.64,3.65,3.52,284926.0,102351472.0,601399,2.82,0.1
2021-12-17,3.63,3.71,3.71,3.6,414408.0,152252800.0,601399,1.92,0.07
2021-12-20,3.72,4.08,4.08,3.65,1225273.0,489552512.0,601399,9.97,0.37
2021-12-21,4.2,3.99,4.2,3.8,1446690.0,574881664.0,601399,-2.21,-0.09
2021-12-22,3.92,3.83,3.94,3.81,712473.0,275270048.0,601399,-4.01,-0.16
2021-12-23,3.81,3.82,3.89,3.78,436135.0,167345472.0,601399,-0.26,-0.01
2021-12-24,3.83,3.86,3.96,3.78,609372.0,237314720.0,601399,1.05,0.04
2021-12-27,3.86,3.94,4.08,3.82,646317.0,255948672.0,601399,2.07,0.08
2021-12-28,3.9,3.85,3.91,3.82,365107.0,140813648.0,601399,-2.28,-0.09
2021-12-29,3.83,3.98,4.04,3.82,500578.0,196656352.0,601399,3.38,0.13
2021-12-30,3.97,3.99,4.02,3.93,487258.0,193914944.0,601399,0.25,0.01
2021-12-31,3.99,3.95,4.02,3.94,331418.0,131569016.0,601399,-1.0,-0.04
2022-01-04,3.97,3.92,3.98,3.9,405565.0,159569728.0,601399,-0.76,-0.03
2022-01-05,3.94,3.89,3.95,3.84,312890.0,121471320.0,601399,-0.77,-0.03
2022-01-06,3.89,3.92,3.96,3.88,232824.0,91293304.0,601399,0.77,0.03
2022-01-07,3.94,3.87,4.05,3.87,411958.0,163425104.0,601399,-1.28,-0.05
2022-01-10,3.87,4.09,4.15,3.86,677929.0,273544000.0,601399,5.68,0.22
2022-01-11,4.04,3.99,4.07,3.97,389707.0,156063136.0,601399,-2.44,-0.1
2022-01-12,3.98,4.0,4.05,3.92,284153.0,112939232.0,601399,0.25,0.01
2022-01-13,3.98,3.94,3.99,3.93,221361.0,87433464.0,601399,-1.5,-0.06
2022-01-14,3.94,3.83,3.94,3.81,323105.0,124880680.0,601399,-2.79,-0.11
2022-01-17,3.82,3.84,3.87,3.82,189094.0,72657896.0,601399,0.26,0.01
2022-01-18,3.84,3.87,3.89,3.81,232093.0,89295400.0,601399,0.78,0.03
2022-01-19,3.84,3.84,3.89,3.82,167536.0,64421116.0,601399,-0.78,-0.03
2022-01-20,3.84,3.75,3.85,3.74,231062.0,87231560.0,601399,-2.34,-0.09
2022-01-21,3.77,3.77,3.85,3.73,175041.0,66312772.0,601399,0.53,0.02
2022-01-24,3.75,3.73,3.77,3.68,139958.0,52095928.0,601399,-1.06,-0.04
2022-01-25,3.72,3.61,3.77,3.61,177344.0,65358748.0,601399,-3.22,-0.12
2022-01-26,3.62,3.65,3.67,3.62,107257.0,39114024.0,601399,1.11,0.04
2022-01-27,3.66,3.59,3.67,3.59,135623.0,49239228.0,601399,-1.64,-0.06
2022-01-28,3.62,3.7,3.72,3.61,154753.0,56813864.0,601399,3.06,0.11
2022-02-07,3.74,3.74,3.76,3.71,139603.0,52176168.0,601399,1.08,0.04
2022-02-08,3.73,3.82,3.82,3.72,163606.0,61758544.0,601399,2.14,0.08
2022-02-09,3.8,3.82,3.83,3.77,163887.0,62266036.0,601399,0.0,0.0
2022-02-10,3.82,3.79,3.85,3.77,135594.0,51595932.0,601399,-0.79,-0.03
2022-02-11,3.78,3.88,4.04,3.76,459175.0,179039808.0,601399,2.37,0.09
2022-02-14,3.85,3.89,3.97,3.83,263645.0,103227992.0,601399,0.26,0.01
2022-02-15,3.89,3.92,3.94,3.83,201831.0,78176176.0,601399,0.77,0.03
2022-02-16,3.96,3.92,3.99,3.88,217112.0,85167120.0,601399,0.0,0.0
2022-02-17,3.9,3.93,4.02,3.87,323917.0,128065984.0,601399,0.26,0.01
2022-02-18,3.9,3.96,3.97,3.87,203043.0,79640448.0,601399,0.76,0.03
2022-02-21,3.94,4.0,4.05,3.9,314506.0,124988232.0,601399,1.01,0.04
2022-02-22,3.97,3.93,4.0,3.88,233293.0,91752816.0,601399,-1.75,-0.07
2022-02-23,3.95,3.94,4.05,3.92,211091.0,83762080.0,601399,0.25,0.01
2022-02-24,3.93,3.88,4.01,3.81,406773.0,159111552.0,601399,-1.52,-0.06
2022-02-25,3.88,3.93,4.03,3.88,378011.0,149683504.0,601399,1.29,0.05
2022-02-28,3.92,3.91,3.97,3.88,214459.0,83892016.0,601399,-0.51,-0.02
2022-03-01,3.92,3.97,3.98,3.9,317260.0,124893040.0,601399,1.53,0.06
2022-03-02,3.93,3.95,3.99,3.92,183009.0,72353280.0,601399,-0.5,-0.02
2022-03-03,3.95,4.0,4.04,3.94,336638.0,134313840.0,601399,1.27,0.05
2022-03-04,4.0,3.91,4.0,3.88,310567.0,122056856.0,601399,-2.25,-0.09
2022-03-07,3.9,3.83,3.9,3.82,209614.0,80920048.0,601399,-2.05,-0.08
2022-03-08,3.84,3.7,3.87,3.64,313813.0,117125776.0,601399,-3.39,-0.13
2022-03-09,3.7,3.61,3.75,3.4,334993.0,121447200.0,601399,-2.43,-0.09
2022-03-10,3.67,3.64,3.71,3.63,209437.0,76732200.0,601399,0.83,0.03
2022-03-11,3.58,3.67,3.68,3.53,181575.0,65322932.0,601399,0.82,0.03
2022-03-14,3.64,3.58,3.69,3.58,132036.0,47966108.0,601399,-2.45,-0.09
2022-03-15,3.6,3.45,3.62,3.43,224300.0,79020416.0,601399,-3.63,-0.13
2022-03-16,3.5,3.53,3.53,3.37,203305.0,70387056.0,601399,2.32,0.08
2022-03-17,3.55,3.53,3.6,3.52,199197.0,70777408.0,601399,0.0,0.0
2022-03-18,3.51,3.58,3.6,3.51,164428.0,58734892.0,601399,1.42,0.05
2022-03-21,3.62,3.56,3.62,3.53,138680.0,49474856.0,601399,-0.56,-0.02
2022-03-22,3.59,3.59,3.64,3.57,119449.0,42999268.0,601399,0.84,0.03
2022-03-23,3.63,3.67,3.75,3.63,219739.0,80504592.0,601399,2.23,0.08
2022-03-24,3.63,3.58,3.67,3.57,134058.0,48369732.0,601399,-2.45,-0.09
2022-03-25,3.57,3.51,3.58,3.5,144743.0,51181636.0,601399,-1.96,-0.07
2022-03-28,3.48,3.5,3.53,3.45,107118.0,37370472.0,601399,-0.28,-0.01
2022-03-29,3.5,3.49,3.52,3.46,97493.0,33953792.0,601399,-0.29,-0.01
2022-03-30,3.51,3.52,3.53,3.48,102264.0,35852688.0,601399,0.86,0.03
2022-03-31,3.52,3.52,3.54,3.49,88257.0,31008280.0,601399,0.0,0.0
2022-04-01,3.5,3.51,3.52,3.47,79744.0,27859632.0,601399,-0.28,-0.01
2022-04-06,3.51,3.57,3.57,3.49,122819.0,43391848.0,601399,1.71,0.06
2022-04-07,3.56,3.53,3.62,3.53,116719.0,41617672.0,601399,-1.12,-0.04
2022-04-08,3.55,3.59,3.61,3.5,158505.0,56433108.0,601399,1.7,0.06
2022-04-11,3.57,3.47,3.59,3.45,161355.0,56695548.0,601399,-3.34,-0.12
2022-04-12,3.46,3.5,3.51,3.41,128378.0,44363304.0,601399,0.86,0.03
2022-04-13,3.49,3.44,3.49,3.43,89354.0,30937328.0,601399,-1.71,-0.06
2022-04-14,3.45,3.47,3.49,3.41,113474.0,39158548.0,601399,0.87,0.03
2022-04-15,3.46,3.38,3.46,3.37,120481.0,41120392.0,601399,-2.59,-0.09
2022-04-18,3.37,3.36,3.39,3.28,111693.0,37261820.0,601399,-0.59,-0.02
2022-04-19,3.35,3.39,3.4,3.34,58557.0,19746648.0,601399,0.89,0.03
2022-04-20,3.39,3.34,3.4,3.33,74882.0,25152136.0,601399,-1.47,-0.05
2022-04-21,3.37,3.2,3.38,3.18,140291.0,45933428.0,601399,-4.19,-0.14
2022-04-22,3.21,3.22,3.24,3.14,104619.0,33398228.0,601399,0.63,0.02
2022-04-25,3.2,3.04,3.2,3.01,164182.0,50898040.0,601399,-5.59,-0.18
2022-04-26,3.04,2.9,3.08,2.89,213066.0,63704580.0,601399,-4.61,-0.14
2022-04-27,2.85,2.94,2.94,2.77,204300.0,58311712.0,601399,1.38,0.04
2022-04-28,2.92,2.9,2.94,2.84,123761.0,35824176.0,601399,-1.36,-0.04
2022-04-29,2.92,3.0,3.01,2.9,135585.0,40185208.0,601399,3.45,0.1
2022-05-05,3.0,3.0,3.06,2.98,111670.0,33675836.0,601399,0.0,0.0
2022-05-06,2.95,3.0,3.0,2.89,114269.0,33814660.0,601399,0.0,0.0
2022-05-09,2.99,3.02,3.05,2.97,75674.0,22868492.0,601399,0.67,0.02
2022-05-10,3.01,3.07,3.08,2.97,102075.0,31043910.0,601399,1.66,0.05
2022-05-11,3.07,3.03,3.1,3.02,123345.0,37831232.0,601399,-1.3,-0.04
2022-05-12,3.02,3.04,3.06,3.0,72939.0,22106024.0,601399,0.33,0.01
2022-05-13,3.05,3.07,3.08,3.03,83328.0,25476880.0,601399,0.99,0.03
2022-05-16,3.09,3.05,3.1,3.04,70495.0,21616602.0,601399,-0.65,-0.02
2022-05-17,3.04,3.04,3.06,3.0,80551.0,24370862.0,601399,-0.33,-0.01
2022-05-18,3.04,3.06,3.08,3.03,70375.0,21490750.0,601399,0.66,0.02
2022-05-19,3.03,3.07,3.07,3.01,141707.0,42973352.0,601399,0.33,0.01
2022-05-20,3.07,3.1,3.13,3.06,128550.0,39806832.0,601399,0.98,0.03
2022-05-23,3.1,3.13,3.15,3.09,99227.0,30887582.0,601399,0.97,0.03
2022-05-24,3.14,2.98,3.14,2.98,145520.0,44453680.0,601399,-4.79,-0.15
2022-05-25,3.0,3.06,3.06,2.98,108552.0,32835222.0,601399,2.68,0.08
2022-05-26,3.07,3.12,3.12,3.03,145869.0,45016024.0,601399,1.96,0.06
2022-05-27,3.11,3.18,3.18,3.08,159678.0,49995932.0,601399,1.92,0.06
2022-05-30,3.17,3.19,3.2,3.12,167378.0,52854576.0,601399,0.31,0.01
2022-05-31,3.19,3.21,3.22,3.16,145286.0,46433528.0,601399,0.63,0.02
2022-06-01,3.17,3.19,3.27,3.15,158113.0,50543812.0,601399,-0.62,-0.02
2022-06-02,3.22,3.26,3.26,3.17,134241.0,43351640.0,601399,2.19,0.07
2022-06-06,3.24,3.23,3.27,3.2,117880.0,38021500.0,601399,-0.92,-0.03
2022-06-07,3.24,3.35,3.45,3.22,372548.0,123924512.0,601399,3.72,0.12
2022-06-08,3.4,3.37,3.54,3.28,584818.0,199149296.0,601399,0.6,0.02
2022-06-09,3.37,3.51,3.71,3.31,729802.0,258874192.0,601399,4.15,0.14
2022-06-10,3.4,3.43,3.47,3.36,487820.0,166472032.0,601399,-2.28,-0.08
2022-06-13,3.38,3.32,3.38,3.29,338326.0,112684168.0,601399,-3.21,-0.11
2022-06-14,3.3,3.31,3.32,3.24,250337.0,82129656.0,601399,-0.3,-0.01
2022-06-15,3.31,3.26,3.34,3.26,279864.0,92205592.0,601399,-1.51,-0.05
2022-06-16,3.26,3.23,3.28,3.23,165060.0,53616384.0,601399,-0.92,-0.03
2022-06-17,3.21,3.28,3.3,3.18,234298.0,75788736.0,601399,1.55,0.05
2022-06-20,3.3,3.29,3.31,3.26,198422.0,65215488.0,601399,0.3,0.01
2022-06-21,3.29,3.25,3.3,3.22,140862.0,45990056.0,601399,-1.22,-0.04
2022-06-22,3.25,3.19,3.26,3.19,131874.0,42466068.0,601399,-1.85,-0.06
2022-06-23,3.19,3.24,3.24,3.17,120862.0,38784840.0,601399,1.57,0.05
2022-06-24,3.25,3.22,3.26,3.22,144084.0,46655940.0,601399,-0.62,-0.02
2022-06-27,3.24,3.24,3.27,3.23,129343.0,42044400.0,601399,0.62,0.02
2022-06-28,3.25,3.34,3.35,3.23,229580.0,75872272.0,601399,3.09,0.1
2022-06-29,3.33,3.25,3.36,3.24,191144.0,63115588.0,601399,-2.69,-0.09
2022-06-30,3.24,3.24,3.27,3.22,140513.0,45549660.0,601399,-0.31,-0.01
2022-07-01,3.24,3.26,3.3,3.22,134278.0,43829776.0,601399,0.62,0.02
2022-07-04,3.26,3.29,3.32,3.25,148730.0,48965672.0,601399,0.92,0.03
2022-07-05,3.32,3.28,3.35,3.25,165055.0,54466080.0,601399,-0.3,-0.01
2022-07-06,3.27,3.24,3.28,3.2,121802.0,39536248.0,601399,-1.22,-0.04
2022-07-07,3.23,3.33,3.46,3.22,312809.0,104039912.0,601399,2.78,0.09
2022-07-08,3.35,3.34,3.38,3.31,232221.0,77508056.0,601399,0.3,0.01
2022-07-11,3.34,3.3,3.35,3.27,142698.0,47116792.0,601399,-1.2,-0.04
2022-07-12,3.3,3.26,3.35,3.25,144087.0,47439724.0,601399,-1.21,-0.04
2022-07-13,3.27,3.36,3.37,3.26,237516.0,79146840.0,601399,3.07,0.1
2022-07-14,3.35,3.36,3.38,3.31,182342.0,61045664.0,601399,0.0,0.0
2022-07-15,3.35,3.28,3.36,3.28,149206.0,49361648.0,601399,-2.38,-0.08
2022-07-18,3.3,3.41,3.41,3.29,352095.0,118478320.0,601399,3.96,0.13
2022-07-19,3.41,3.38,3.41,3.34,176965.0,59662008.0,601399,-0.88,-0.03
2022-07-20,3.39,3.42,3.43,3.36,240982.0,82180392.0,601399,1.18,0.04
2022-07-21,3.43,3.41,3.47,3.39,247612.0,84900816.0,601399,-0.29,-0.01
2022-07-22,3.42,3.47,3.49,3.41,274920.0,94909520.0,601399,1.76,0.06
2022-07-25,3.46,3.39,3.48,3.38,209239.0,71554752.0,601399,-2.31,-0.08
2022-07-26,3.4,3.4,3.41,3.35,144153.0,48716704.0,601399,0.29,0.01
2022-07-27,3.38,3.39,3.41,3.37,111777.0,37810812.0,601399,-0.29,-0.01
2022-07-28,3.41,3.46,3.48,3.4,245968.0,85011680.0,601399,2.06,0.07
2022-07-29,3.47,3.47,3.51,3.44,208420.0,72272032.0,601399,0.29,0.01
2022-08-01,3.46,3.43,3.46,3.38,225264.0,76874168.0,601399,-1.15,-0.04
2022-08-02,3.4,3.33,3.42,3.24,300813.0,99726280.0,601399,-2.92,-0.1
2022-08-03,3.31,3.25,3.38,3.24,196846.0,65301040.0,601399,-2.4,-0.08
2022-08-04,3.26,3.29,3.31,3.22,171986.0,56261656.0,601399,1.23,0.04
2022-08-05,3.3,3.32,3.32,3.25,131413.0,43127460.0,601399,0.91,0.03
2022-08-08,3.32,3.3,3.32,3.27,142793.0,46943152.0,601399,-0.6,-0.02
2022-08-09,3.29,3.27,3.3,3.25,120576.0,39359320.0,601399,-0.91,-0.03
2022-08-10,3.26,3.25,3.26,3.23,117693.0,38208056.0,601399,-0.61,-0.02
2022-08-11,3.26,3.29,3.3,3.25,124927.0,40947008.0,601399,1.23,0.04
2022-08-12,3.29,3.29,3.33,3.27,131913.0,43508624.0,601399,0.0,0.0
2022-08-15,3.3,3.29,3.31,3.26,95816.0,31444392.0,601399,0.0,0.0
2022-08-16,3.28,3.37,3.37,3.27,263363.0,87789296.0,601399,2.43,0.08
2022-08-17,3.37,3.43,3.46,3.37,281565.0,96295672.0,601399,1.78,0.06
2022-08-18,3.43,3.4,3.44,3.37,157482.0,53515920.0,601399,-0.87,-0.03
2022-08-19,3.4,3.36,3.43,3.34,147008.0,49670608.0,601399,-1.18,-0.04
2022-08-22,3.34,3.35,3.38,3.32,130206.0,43654476.0,601399,-0.3,-0.01
2022-08-23,3.34,3.34,3.35,3.32,121126.0,40398128.0,601399,-0.3,-0.01
2022-08-24,3.4,3.45,3.62,3.38,652667.0,226656384.0,601399,3.29,0.11
2022-08-25,3.45,3.52,3.8,3.42,2615543.0,966947264.0,601399,2.03,0.07
2022-08-26,3.53,3.87,3.87,3.52,3143585.0,1163049984.0,601399,9.94,0.35
2022-08-29,3.7,3.99,4.2,3.62,3087464.0,1192258176.0,601399,3.1,0.12
2022-08-30,3.89,3.78,3.95,3.73,1875124.0,717314752.0,601399,-5.26,-0.21
2022-08-31,3.75,3.59,3.77,3.56,1378189.0,499533824.0,601399,-5.03,-0.19
2022-09-01,3.61,3.64,3.68,3.52,985582.0,354927520.0,601399,1.39,0.05
2022-09-02,3.59,3.55,3.62,3.51,742379.0,263833520.0,601399,-2.47,-0.09
2022-09-05,3.55,3.59,3.62,3.52,638119.0,227917696.0,601399,1.13,0.04
2022-09-06,3.56,3.66,3.71,3.52,911873.0,328736576.0,601399,1.95,0.07
2022-09-07,3.62,3.67,3.7,3.59,810660.0,296738336.0,601399,0.27,0.01
2022-09-08,3.69,3.74,3.9,3.58,1178212.0,441222144.0,601399,1.91,0.07
2022-09-09,3.72,3.62,3.79,3.62,684752.0,251668848.0,601399,-3.21,-0.12
2022-09-13,3.63,3.56,3.64,3.53,533014.0,190511040.0,601399,-1.66,-0.06
2022-09-14,3.5,3.46,3.52,3.42,564094.0,195680208.0,601399,-2.81,-0.1
2022-09-15,3.53,3.58,3.66,3.47,887138.0,315492160.0,601399,3.47,0.12
2022-09-16,3.52,3.42,3.55,3.42,51086010.0,176886200.0,601399,-4.47,-0.16
2022-09-19,3.38,3.26,3.41,3.23,48986027.0,162223600.0,601399,-4.68,-0.16
2022-09-20,3.28,3.28,3.32,3.25,289303.0,95083080.0,601399,0.61,0.02
2022-09-21,3.25,3.29,3.32,3.2,291666.0,95164576.0,601399,0.3,0.01
2022-09-22,3.26,3.26,3.31,3.25,256306.0,84019640.0,601399,-0.91,-0.03
2022-09-23,3.25,3.19,3.28,3.18,327640.0,105598056.0,601399,-2.15,-0.07
2022-09-26,3.17,3.06,3.19,3.06,341737.0,106634048.0,601399,-4.08,-0.13
2022-09-27,3.08,3.13,3.15,3.07,250680.0,77888840.0,601399,2.29,0.07
2022-09-28,3.11,3.05,3.15,3.04,283286.0,,601399,-2.56,-0.08
2022-09-29,3.07,3.02,3.09,3.01,196124.0,,601399,-0.98,-0.03
2022-09-30,3.03,3.01,3.05,3.0,188535.0,,601399,-0.33,-0.01
2022-10-10,3.03,2.98,3.05,2.96,20251801.0,60942475.0,601399,-1.0,-0.03
2022-10-11,2.99,3.02,3.03,2.95,19308180.0,57841546.0,601399,1.34,0.04
2022-10-12,3.01,3.1,3.1,2.99,24438541.0,74406669.0,601399,2.65,0.08
2022-10-13,3.07,3.07,3.1,3.06,26113300.0,80250871.0,601399,-0.97,-0.03
2022-10-14,3.08,3.11,3.12,3.08,24677240.0,76629018.0,601399,1.3,0.04
2022-10-17,3.09,3.18,3.2,3.09,27672731.0,87168034.0,601399,2.25,0.07
2022-10-18,3.17,3.14,3.18,3.14,22451800.0,70764836.0,601399,-1.26,-0.04
2022-10-19,3.15,3.15,3.23,3.13,29253341.0,92872121.0,601399,0.32,0.01
2022-10-20,3.12,3.07,3.15,3.06,33367816.0,103300338.0,601399,-2.54,-0.08
2022-10-21,3.08,3.1,3.15,3.07,23242391.0,72305900.0,601399,0.98,0.03
2022-10-24,3.12,3.1,3.16,3.07,26603980.0,82907520.0,601399,0.0,0.0
2022-10-25,3.09,3.13,3.14,3.04,26084330.0,80948890.0,601399,0.97,0.03
2022-10-26,3.17,3.15,3.19,3.14,31503720.0,99698885.0,601399,0.64,0.02
2022-10-27,3.15,3.13,3.18,3.12,22118240.0,69586579.0,601399,-0.64,-0.02
2022-10-28,3.13,3.01,3.14,3.0,32842786.0,100371505.0,601399,-3.83,-0.12
2022-10-31,3.01,3.03,3.06,2.99,19617380.0,59366429.0,601399,0.66,0.02
2022-11-01,3.02,3.08,3.09,3.02,20633285.0,63146878.0,601399,1.65,0.05
2022-11-02,3.08,3.11,3.12,3.06,21348031.0,66045107.0,601399,0.97,0.03
2022-11-03,3.1,3.08,3.11,3.06,18268481.0,56283206.0,601399,-0.96,-0.03
2022-11-04,3.08,3.14,3.14,3.07,27331880.0,85175130.0,601399,1.95,0.06
2022-11-07,3.14,3.17,3.18,3.1,268616.0,84823240.0,601399,0.95,0.03
2022-11-08,3.17,3.16,3.18,3.13,152938.0,48168100.0,601399,-0.32,-0.01
2022-11-09,3.16,3.13,3.17,3.12,14919140.0,46888308.0,601399,-0.95,-0.03
2022-11-10,3.12,3.12,3.14,3.11,15863413.0,49570994.0,601399,-0.32,-0.01
2022-11-11,3.17,3.16,3.18,3.12,27127272.0,85498880.0,601399,1.28,0.04
2022-11-14,3.17,3.15,3.19,3.14,25867209.0,81858229.0,601399,-0.32,-0.01
2022-11-15,3.15,3.19,3.19,3.14,29368479.0,93169988.0,601399,1.27,0.04
2022-11-16,3.2,3.18,3.21,3.17,239430.0,76309328.0,601399,-0.31,-0.01
2022-11-17,3.17,3.18,3.18,3.15,17526111.0,55441780.0,601399,0.0,0.0
2022-11-18,3.18,3.14,3.19,3.14,21135136.0,66750802.0,601399,-1.26,-0.04
2022-11-21,3.13,3.12,3.14,3.1,20388420.0,63437613.0,601399,-0.64,-0.02
2022-11-22,3.13,3.17,3.22,3.1,39469512.0,124595432.0,601399,1.6,0.05
2022-11-23,3.16,3.26,3.3,3.15,78345155.0,254283817.0,601399,2.84,0.09
2022-11-24,3.25,3.2,3.26,3.18,421951.0,135485728.0,601399,-1.84,-0.06
2022-11-25,3.2,3.2,3.22,3.17,224335.0,71662328.0,601399,0.0,0.0
2022-11-28,3.18,3.17,3.18,3.12,26069133.0,82127188.0,601399,-0.94,-0.03
2022-11-29,3.15,3.2,3.21,3.15,30497238.0,97254436.0,601399,0.95,0.03
2022-11-30,3.2,3.21,3.22,3.18,24257987.0,77593941.0,601399,0.31,0.01
2022-12-01,3.23,3.21,3.24,3.2,31095827.0,100156223.0,601399,0.0,0.0
2022-12-02,3.2,3.2,3.21,3.18,18684400.0,59691610.0,601399,-0.31,-0.01
2022-12-05,3.22,3.29,3.3,3.21,52407440.0,171063071.0,601399,2.81,0.09
2022-12-06,3.27,3.28,3.3,3.25,30748226.0,100621110.0,601399,-0.3,-0.01
2022-12-07,3.26,3.23,3.27,3.22,29611829.0,95919406.0,601399,-1.52,-0.05
2022-12-08,3.23,3.21,3.24,3.2,203678.0,65516048.0,601399,-0.62,-0.02
2022-12-09,3.22,3.23,3.24,3.19,206049.0,66287348.0,601399,0.62,0.02
2022-12-12,3.21,3.13,3.22,3.13,333777.0,105545264.0,601399,-3.1,-0.1
2022-12-13,3.15,3.16,3.17,3.13,177255.0,55803768.0,601399,0.96,0.03
2022-12-14,3.16,3.12,3.17,3.11,18647003.0,58446798.0,601399,-1.27,-0.04
2022-12-15,3.12,3.11,3.13,3.09,12629271.0,39231004.0,601399,-0.32,-0.01
2022-12-16,3.1,3.08,3.11,3.07,16745666.0,51701279.0,601399,-0.96,-0.03
2022-12-19,3.08,3.03,3.09,3.02,19385488.0,59082165.0,601399,-1.62,-0.05
2022-12-20,3.03,3.09,3.09,3.02,16963340.0,51935635.0,601399,1.98,0.06
2022-12-21,3.08,3.04,3.09,3.03,12183913.0,37277552.0,601399,-1.62,-0.05
2022-12-22,3.06,3.0,3.07,2.98,17023700.0,51404434.0,601399,-1.32,-0.04
2022-12-23,2.99,3.0,3.03,2.97,9468600.0,28412978.0,601399,0.0,0.0
2022-12-26,3.0,3.03,3.03,3.0,7183360.0,21678514.0,601399,1.0,0.03
2022-12-27,3.03,3.02,3.04,3.0,7380663.0,22282672.0,601399,-0.33,-0.01
2022-12-28,3.03,3.01,3.03,3.01,82705.0,24951452.0,601399,-0.33,-0.01
2022-12-29,3.01,3.0,3.03,3.0,88767.0,26757456.0,601399,-0.33,-0.01
2022-12-30,3.01,3.02,3.03,3.0,6826460.0,20589722.0,601399,0.67,0.02
2023-01-03,3.02,3.06,3.07,3.01,10969011.0,33364545.0,601399,1.32,0.04
2023-01-04,3.06,3.06,3.09,3.04,11285613.0,34633846.0,601399,0.0,0.0
2023-01-05,3.06,3.07,3.09,3.06,11439081.0,35155997.0,601399,0.33,0.01
2023-01-06,3.07,3.06,3.08,3.06,8534530.0,26183563.0,601399,-0.33,-0.01
2023-01-09,3.06,3.06,3.09,3.05,10499980.0,32201329.0,601399,0.0,0.0
2023-01-10,3.05,3.02,3.06,3.02,12745442.0,38690252.0,601399,-1.31,-0.04
2023-01-11,3.03,3.02,3.04,3.01,82834.0,25059536.0,601399,0.0,0.0
2023-01-12,3.02,3.04,3.04,3.01,6799549.0,20589360.0,601399,0.66,0.02
